,solar_ghi,solar_pu,load_kw,load_pu
2023-01-01 00:00:00,0.0,0.0,147.98028491806738,0.5919211396722696
2023-01-01 01:00:00,0.0,0.0,141.17041419297288,0.5646816567718915
2023-01-01 02:00:00,0.0,0.0,141.38613122860414,0.5655445249144165
2023-01-01 03:00:00,84.1,0.0841,146.63817913844815,0.5865527165537926
2023-01-01 04:00:00,261.66,0.26166,140.59507975166,0.56238031900664
2023-01-01 05:00:00,438.01,0.43801,151.0951782583049,0.6043807130332196
2023-01-01 06:00:00,572.61,0.5726100000000001,191.97527689304434,0.7679011075721773
2023-01-01 07:00:00,648.56,0.6485599999999999,217.10460837491746,0.8684184334996699
2023-01-01 08:00:00,657.41,0.6574099999999999,217.1831536843903,0.8687326147375612
2023-01-01 09:00:00,597.81,0.59781,208.2553602615158,0.8330214410460631
2023-01-01 10:00:00,476.51,0.47651,194.71949384312524,0.7788779753725009
2023-01-01 11:00:00,308.11,0.30811,187.20562147857845,0.7488224859143138
2023-01-01 12:00:00,124.35,0.1243499999999999,191.4517736293962,0.7658070945175848
2023-01-01 13:00:00,0.0,0.0,181.5203185320532,0.7260812741282129
2023-01-01 14:00:00,0.0,0.0,187.15049300492183,0.7486019720196873
2023-01-01 15:00:00,0.0,0.0,201.62627482455417,0.8065050992982167
2023-01-01 16:00:00,0.0,0.0,213.92301327799345,0.8556920531119738
2023-01-01 17:00:00,0.0,0.0,244.38548399557163,0.9775419359822866
2023-01-01 18:00:00,0.0,0.0,244.55185554687273,0.9782074221874909
2023-01-01 19:00:00,0.0,0.0,238.52617779198826,0.954104711167953
2023-01-01 20:00:00,0.0,0.0,243.79389261352932,0.9751755704541173
2023-01-01 21:00:00,0.0,0.0,211.1453421970808,0.8445813687883231
2023-01-01 22:00:00,0.0,0.0,182.90516922812756,0.7316206769125102
2023-01-01 23:00:00,0.0,0.0,151.45151088271928,0.6058060435308771
2023-01-02 00:00:00,0.0,0.0,141.7337036528489,0.5669348146113956
2023-01-02 01:00:00,0.0,0.0,142.6655355382592,0.5706621421530368
2023-01-02 02:00:00,0.0,0.0,130.59403853546618,0.5223761541418648
2023-01-02 03:00:00,82.15,0.08215,139.75418811007404,0.5590167524402961
2023-01-02 04:00:00,257.56,0.25756,138.39616786048717,0.5535846714419487
2023-01-02 05:00:00,432.86,0.43286,150.74983750124034,0.6029993500049613
2023-01-02 06:00:00,567.91,0.5679099999999999,178.88976032662362,0.7155590413064945
2023-01-02 07:00:00,646.46,0.64646,223.61366910705362,0.8944546764282145
2023-01-02 08:00:00,656.56,0.6565599999999999,219.9190166515724,0.8796760666062896
2023-01-02 09:00:00,598.51,0.59851,198.65373442626458,0.7946149377050583
2023-01-02 10:00:00,478.21,0.4782099999999999,202.43526947261915,0.8097410778904767
2023-01-02 11:00:00,309.51,0.30951,182.67493810017385,0.7306997524006954
2023-01-02 12:00:00,125.6,0.1256,191.25318157002852,0.7650127262801141
2023-01-02 13:00:00,0.0,0.0,181.24197925672135,0.7249679170268855
2023-01-02 14:00:00,0.0,0.0,189.53088370660942,0.7581235348264377
2023-01-02 15:00:00,0.0,0.0,206.18116741521473,0.8247246696608589
2023-01-02 16:00:00,0.0,0.0,224.43079947997248,0.8977231979198899
2023-01-02 17:00:00,0.0,0.0,243.52820968713982,0.9741128387485593
2023-01-02 18:00:00,0.0,0.0,249.30611030567056,0.9972244412226823
2023-01-02 19:00:00,0.0,0.0,245.19337782646426,0.980773511305857
2023-01-02 20:00:00,0.0,0.0,226.12886805779544,0.9045154722311818
2023-01-02 21:00:00,0.0,0.0,208.18093474963175,0.832723738998527
2023-01-02 22:00:00,0.0,0.0,179.7361673742413,0.7189446694969651
2023-01-02 23:00:00,0.0,0.0,166.34273335731348,0.6653709334292539
2023-01-03 00:00:00,0.0,0.0,147.06170973741078,0.5882468389496431
2023-01-03 01:00:00,0.0,0.0,131.4217590678236,0.5256870362712943
2023-01-03 02:00:00,0.0,0.0,139.44450381636878,0.5577780152654751
2023-01-03 03:00:00,77.0,0.077,135.1895063175021,0.5407580252700084
2023-01-03 04:00:00,245.16,0.24516,137.93846799816424,0.551753871992657
2023-01-03 05:00:00,419.41,0.41941,156.1700577330452,0.6246802309321808
2023-01-03 06:00:00,553.21,0.5532100000000001,188.6859971349757,0.7547439885399029
2023-01-03 07:00:00,629.96,0.6299600000000001,218.08768071469717,0.8723507228587887
2023-01-03 08:00:00,610.41,0.61041,214.96469486066417,0.8598587794426567
2023-01-03 09:00:00,540.46,0.54046,203.1447257448927,0.8125789029795708
2023-01-03 10:00:00,402.01,0.40201,199.4875805884214,0.7979503223536856
2023-01-03 11:00:00,276.26,0.27626,195.85327076273416,0.7834130830509366
2023-01-03 12:00:00,105.7,0.1057,187.12495457292826,0.7484998182917131
2023-01-03 13:00:00,0.0,0.0,191.8860461400171,0.7675441845600685
2023-01-03 14:00:00,0.0,0.0,190.86199015596384,0.7634479606238553
2023-01-03 15:00:00,0.0,0.0,197.82276025551596,0.7912910410220638
2023-01-03 16:00:00,0.0,0.0,224.87515493436518,0.8995006197374608
2023-01-03 17:00:00,0.0,0.0,250.6374401714249,1.0025497606856997
2023-01-03 18:00:00,0.0,0.0,249.567939270518,0.9982717570820719
2023-01-03 19:00:00,0.0,0.0,253.02119738735215,1.0120847895494085
2023-01-03 20:00:00,0.0,0.0,237.1698161502858,0.9486792646011433
2023-01-03 21:00:00,0.0,0.0,208.62928147236926,0.834517125889477
2023-01-03 22:00:00,0.0,0.0,184.6683736330505,0.738673494532202
2023-01-03 23:00:00,0.0,0.0,169.22821939879583,0.6769128775951834
2023-01-04 00:00:00,0.0,0.0,144.78504376534028,0.5791401750613611
2023-01-04 01:00:00,0.0,0.0,151.38786193488403,0.6055514477395361
2023-01-04 02:00:00,0.0,0.0,122.5,0.49
2023-01-04 03:00:00,54.0,0.054,142.43141502625133,0.5697256601050054
2023-01-04 04:00:00,151.05,0.15105,142.52228240942904,0.5700891296377162
2023-01-04 05:00:00,389.81,0.38981,150.7059558972048,0.6028238235888193
2023-01-04 06:00:00,521.86,0.52186,183.05056465921302,0.7322022586368521
2023-01-04 07:00:00,573.41,0.57341,200.57458651239466,0.8022983460495786
2023-01-04 08:00:00,518.71,0.51871,218.68196867297496,0.8747278746918998
2023-01-04 09:00:00,250.4,0.2504,207.1426754290705,0.828570701716282
2023-01-04 10:00:00,256.05,0.25605,206.36736426844908,0.8254694570737964
2023-01-04 11:00:00,129.0,0.129,186.8903786903581,0.7475615147614324
2023-01-04 12:00:00,54.35,0.05435,185.14903838264087,0.7405961535305635
2023-01-04 13:00:00,0.0,0.0,189.98945773849277,0.7599578309539711
2023-01-04 14:00:00,0.0,0.0,202.99241270621246,0.8119696508248498
2023-01-04 15:00:00,0.0,0.0,206.9725066579581,0.8278900266318324
2023-01-04 16:00:00,0.0,0.0,216.82143877739776,0.867285755109591
2023-01-04 17:00:00,0.0,0.0,245.57960459868013,0.9823184183947206
2023-01-04 18:00:00,0.0,0.0,250.58246529608823,1.002329861184353
2023-01-04 19:00:00,0.0,0.0,252.81186994319734,1.0112474797727893
2023-01-04 20:00:00,0.0,0.0,230.78768143673588,0.9231507257469436
2023-01-04 21:00:00,0.0,0.0,210.53402712041338,0.8421361084816535
2023-01-04 22:00:00,0.0,0.0,180.14735108120706,0.7205894043248282
2023-01-04 23:00:00,0.0,0.0,151.21891031120728,0.6048756412448292
2023-01-05 00:00:00,0.0,0.0,146.77672166238744,0.5871068866495498
2023-01-05 01:00:00,0.0,0.0,143.56633163307933,0.5742653265323173
2023-01-05 02:00:00,0.0,0.0,137.53068073985477,0.5501227229594191
2023-01-05 03:00:00,66.7,0.0667,136.0924771997491,0.5443699087989965
2023-01-05 04:00:00,216.81,0.21681,133.50777554769752,0.5340311021907901
2023-01-05 05:00:00,363.76,0.36376,149.97612806340783,0.5999045122536313
2023-01-05 06:00:00,523.01,0.52301,180.4437129008394,0.7217748516033575
2023-01-05 07:00:00,612.76,0.61276,207.68633638467028,0.8307453455386812
2023-01-05 08:00:00,465.96,0.46596,219.03228573000393,0.8761291429200158
2023-01-05 09:00:00,165.2,0.1651999999999999,207.4243051408872,0.8296972205635489
2023-01-05 10:00:00,145.4,0.1454,208.8171154072632,0.8352684616290528
2023-01-05 11:00:00,18.75,0.01875,191.04746687699102,0.7641898675079641
2023-01-05 12:00:00,14.0,0.014,191.54530234433656,0.7661812093773462
2023-01-05 13:00:00,0.0,0.0,192.553324505403,0.770213298021612
2023-01-05 14:00:00,0.0,0.0,185.98737270820575,0.743949490832823
2023-01-05 15:00:00,0.0,0.0,204.8409167473047,0.8193636669892188
2023-01-05 16:00:00,0.0,0.0,220.36138125964618,0.8814455250385848
2023-01-05 17:00:00,0.0,0.0,257.2794526749117,1.0291178106996468
2023-01-05 18:00:00,0.0,0.0,248.84583421131327,0.9953833368452532
2023-01-05 19:00:00,0.0,0.0,248.80928405400167,0.9952371362160066
2023-01-05 20:00:00,0.0,0.0,234.79172938176856,0.9391669175270743
2023-01-05 21:00:00,0.0,0.0,205.4879317742828,0.8219517270971312
2023-01-05 22:00:00,0.0,0.0,189.35693688709011,0.7574277475483605
2023-01-05 23:00:00,0.0,0.0,164.51159819612064,0.6580463927844826
2023-01-06 00:00:00,0.0,0.0,149.74619168225829,0.5989847667290331
2023-01-06 01:00:00,0.0,0.0,136.54367527123156,0.5461747010849263
2023-01-06 02:00:00,0.0,0.0,145.91676586561658,0.5836670634624663
2023-01-06 03:00:00,68.35,0.06835,129.08889362324632,0.5163555744929853
2023-01-06 04:00:00,232.06,0.23206,145.52114256280163,0.5820845702512065
2023-01-06 05:00:00,403.06,0.40306,165.64273375485988,0.6625709350194395
2023-01-06 06:00:00,547.41,0.54741,176.55678204921588,0.7062271281968635
2023-01-06 07:00:00,551.96,0.55196,209.10221362238337,0.8364088544895335
2023-01-06 08:00:00,479.86,0.47986,220.59790819052586,0.8823916327621034
2023-01-06 09:00:00,405.06,0.40506,201.9791460753028,0.8079165843012112
2023-01-06 10:00:00,296.26,0.2962599999999999,188.1960194136032,0.7527840776544128
2023-01-06 11:00:00,225.9,0.2259,190.41137784883617,0.7616455113953446
2023-01-06 12:00:00,52.0,0.052,183.62617771764337,0.7345047108705735
2023-01-06 13:00:00,0.0,0.0,195.8415545838111,0.7833662183352444
2023-01-06 14:00:00,0.0,0.0,191.98345459459716,0.7679338183783887
2023-01-06 15:00:00,0.0,0.0,214.29960643010523,0.8571984257204209
2023-01-06 16:00:00,0.0,0.0,215.30048024598258,0.8612019209839303
2023-01-06 17:00:00,0.0,0.0,240.56763090276593,0.9622705236110637
2023-01-06 18:00:00,0.0,0.0,254.88110330421802,1.0195244132168721
2023-01-06 19:00:00,0.0,0.0,239.61481410139626,0.958459256405585
2023-01-06 20:00:00,0.0,0.0,236.3647596076248,0.9454590384304992
2023-01-06 21:00:00,0.0,0.0,220.34285652569457,0.8813714261027783
2023-01-06 22:00:00,0.0,0.0,172.85510059263265,0.6914204023705306
2023-01-06 23:00:00,0.0,0.0,161.10780315119382,0.6444312126047753
2023-01-07 00:00:00,0.0,0.0,146.55929676549056,0.5862371870619623
2023-01-07 01:00:00,0.0,0.0,146.69093723066385,0.5867637489226554
2023-01-07 02:00:00,0.0,0.0,130.0782957347315,0.520313182938926
2023-01-07 03:00:00,39.05,0.0390499999999999,129.57726032149435,0.5183090412859774
2023-01-07 04:00:00,132.85,0.13285,145.1316493937014,0.5805265975748056
2023-01-07 05:00:00,262.4,0.2623999999999999,154.28190803939913,0.6171276321575965
2023-01-07 06:00:00,306.5,0.3065,184.00295710207527,0.736011828408301
2023-01-07 07:00:00,426.11,0.42611,214.57868925698185,0.8583147570279274
2023-01-07 08:00:00,447.51,0.4475099999999999,215.91985167052906,0.8636794066821162
2023-01-07 09:00:00,374.01,0.37401,206.39352218296602,0.8255740887318641
2023-01-07 10:00:00,237.3,0.2373,199.25843483979207,0.7970337393591683
2023-01-07 11:00:00,167.75,0.16775,185.7138914918418,0.7428555659673671
2023-01-07 12:00:00,46.0,0.046,201.19464706686853,0.8047785882674741
2023-01-07 13:00:00,0.0,0.0,195.8429975254707,0.7833719901018829
2023-01-07 14:00:00,0.0,0.0,190.35217901678413,0.7614087160671366
2023-01-07 15:00:00,0.0,0.0,208.93932165180297,0.8357572866072119
2023-01-07 16:00:00,0.0,0.0,214.15190997863607,0.8566076399145442
2023-01-07 17:00:00,0.0,0.0,247.2225076224547,0.9888900304898188
2023-01-07 18:00:00,0.0,0.0,256.95157347404444,1.0278062938961778
2023-01-07 19:00:00,0.0,0.0,242.07590608988974,0.968303624359559
2023-01-07 20:00:00,0.0,0.0,240.78025677546594,0.9631210271018638
2023-01-07 21:00:00,0.0,0.0,214.97668556161898,0.8599067422464759
2023-01-07 22:00:00,0.0,0.0,187.43236095996696,0.7497294438398678
2023-01-07 23:00:00,0.0,0.0,171.3807578959237,0.6855230315836948
2023-01-08 00:00:00,0.0,0.0,143.52767130398277,0.5741106852159311
2023-01-08 01:00:00,0.0,0.0,137.47758301385505,0.5499103320554202
2023-01-08 02:00:00,0.0,0.0,132.16291342224685,0.5286516536889874
2023-01-08 03:00:00,49.05,0.0490499999999999,132.60513829020738,0.5304205531608295
2023-01-08 04:00:00,174.15,0.17415,141.53738974351538,0.5661495589740615
2023-01-08 05:00:00,338.96,0.33896,154.54691184889987,0.6181876473955995
2023-01-08 06:00:00,535.46,0.53546,184.1601447959801,0.7366405791839205
2023-01-08 07:00:00,632.81,0.63281,217.46309949421612,0.8698523979768645
2023-01-08 08:00:00,631.86,0.63186,220.07801135126743,0.8803120454050697
2023-01-08 09:00:00,535.66,0.5356599999999999,213.7212044629439,0.8548848178517755
2023-01-08 10:00:00,473.01,0.47301,195.91205900057227,0.7836482360022891
2023-01-08 11:00:00,314.01,0.31401,206.3210149995377,0.8252840599981508
2023-01-08 12:00:00,136.35,0.13635,193.75400408659004,0.7750160163463602
2023-01-08 13:00:00,0.0,0.0,187.8570546615023,0.7514282186460092
2023-01-08 14:00:00,0.0,0.0,191.07464501163332,0.7642985800465333
2023-01-08 15:00:00,0.0,0.0,207.8948344914591,0.8315793379658364
2023-01-08 16:00:00,0.0,0.0,218.6592232880449,0.8746368931521796
2023-01-08 17:00:00,0.0,0.0,246.78400296455254,0.9871360118582102
2023-01-08 18:00:00,0.0,0.0,252.83942574744128,1.0113577029897651
2023-01-08 19:00:00,0.0,0.0,246.56302652405876,0.986252106096235
2023-01-08 20:00:00,0.0,0.0,229.91923769158956,0.9196769507663582
2023-01-08 21:00:00,0.0,0.0,203.4109166518848,0.8136436666075392
2023-01-08 22:00:00,0.0,0.0,179.82091028759788,0.7192836411503916
2023-01-08 23:00:00,0.0,0.0,165.13839276594084,0.6605535710637633
2023-01-09 00:00:00,0.0,0.0,146.28456246478123,0.5851382498591249
2023-01-09 01:00:00,0.0,0.0,134.52556732772808,0.5381022693109123
2023-01-09 02:00:00,0.0,0.0,138.53908555510708,0.5541563422204283
2023-01-09 03:00:00,85.7,0.0857,139.81190427837302,0.5592476171134921
2023-01-09 04:00:00,270.91,0.27091,136.69685538279322,0.5467874215311729
2023-01-09 05:00:00,456.41,0.45641,153.42235063567315,0.6136894025426927
2023-01-09 06:00:00,600.56,0.60056,182.849252310676,0.731397009242704
2023-01-09 07:00:00,684.21,0.68421,205.64217821301628,0.8225687128520651
2023-01-09 08:00:00,697.61,0.6976100000000001,222.1467241620897,0.8885868966483588
2023-01-09 09:00:00,639.81,0.63981,208.3647071582094,0.8334588286328376
2023-01-09 10:00:00,516.56,0.5165599999999999,203.99830745905166,0.8159932298362066
2023-01-09 11:00:00,343.36,0.34336,196.3228123122094,0.7852912492488376
2023-01-09 12:00:00,149.0,0.149,181.73398379225745,0.7269359351690298
2023-01-09 13:00:00,0.0,0.0,187.37304976050928,0.7494921990420371
2023-01-09 14:00:00,0.0,0.0,200.590211603252,0.802360846413008
2023-01-09 15:00:00,0.0,0.0,208.08271570547325,0.832330862821893
2023-01-09 16:00:00,0.0,0.0,223.09028611783629,0.8923611444713452
2023-01-09 17:00:00,0.0,0.0,265.0,1.06
2023-01-09 18:00:00,0.0,0.0,253.425343064159,1.013701372256636
2023-01-09 19:00:00,0.0,0.0,253.81339384108358,1.0152535753643344
2023-01-09 20:00:00,0.0,0.0,240.72401058095923,0.962896042323837
2023-01-09 21:00:00,0.0,0.0,216.40834750783478,0.8656333900313391
2023-01-09 22:00:00,0.0,0.0,180.6083845321579,0.7224335381286316
2023-01-09 23:00:00,0.0,0.0,164.55381532295962,0.6582152612918385
2023-01-10 00:00:00,0.0,0.0,140.36304871277457,0.5614521948510983
2023-01-10 01:00:00,0.0,0.0,140.57908835955993,0.5623163534382397
2023-01-10 02:00:00,0.0,0.0,134.58781871302537,0.5383512748521014
2023-01-10 03:00:00,87.15,0.08715,137.99124483631795,0.5519649793452718
2023-01-10 04:00:00,274.86,0.27486,155.88795140004106,0.6235518056001642
2023-01-10 05:00:00,461.46,0.46146,141.2964088444495,0.565185635377798
2023-01-10 06:00:00,605.31,0.6053099999999999,186.6175611422471,0.7464702445689884
2023-01-10 07:00:00,687.06,0.6870599999999999,202.82370477286207,0.8112948190914483
2023-01-10 08:00:00,700.31,0.70031,217.16840880526343,0.8686736352210537
2023-01-10 09:00:00,642.56,0.6425599999999999,211.5337035818042,0.8461348143272167
2023-01-10 10:00:00,519.91,0.51991,197.88568011457278,0.7915427204582911
2023-01-10 11:00:00,346.36,0.34636,183.53353133242416,0.7341341253296967
2023-01-10 12:00:00,151.75,0.15175,185.7081777444402,0.7428327109777608
2023-01-10 13:00:00,16.05,0.01605,197.07758649360807,0.7883103459744323
2023-01-10 14:00:00,0.0,0.0,193.11780020969718,0.7724712008387887
2023-01-10 15:00:00,0.0,0.0,206.29875153749185,0.8251950061499674
2023-01-10 16:00:00,0.0,0.0,220.2734310394229,0.8810937241576916
2023-01-10 17:00:00,0.0,0.0,238.59039791436507,0.9543615916574603
2023-01-10 18:00:00,0.0,0.0,262.86366453595195,1.0514546581438078
2023-01-10 19:00:00,0.0,0.0,250.80351413390807,1.0032140565356322
2023-01-10 20:00:00,0.0,0.0,222.84914448005435,0.8913965779202174
2023-01-10 21:00:00,0.0,0.0,213.61872588861655,0.8544749035544662
2023-01-10 22:00:00,0.0,0.0,178.52928121138967,0.7141171248455587
2023-01-10 23:00:00,0.0,0.0,165.11460000877736,0.6604584000351095
2023-01-11 00:00:00,0.0,0.0,140.2448755694038,0.5609795022776152
2023-01-11 01:00:00,0.0,0.0,141.3115813511986,0.5652463254047945
2023-01-11 02:00:00,0.0,0.0,140.52992367388273,0.5621196946955309
2023-01-11 03:00:00,85.45,0.08545,142.69453116502072,0.5707781246600829
2023-01-11 04:00:00,271.71,0.27171,134.79822155766536,0.5391928862306614
2023-01-11 05:00:00,458.11,0.45811,150.49299258495432,0.6019719703398173
2023-01-11 06:00:00,601.96,0.60196,179.65032813303426,0.7186013125321371
2023-01-11 07:00:00,688.11,0.68811,208.5800246045577,0.8343200984182308
2023-01-11 08:00:00,701.76,0.7017599999999999,230.59272544168658,0.9223709017667463
2023-01-11 09:00:00,644.01,0.64401,207.42989026576572,0.8297195610630629
2023-01-11 10:00:00,521.11,0.52111,189.93469627398974,0.7597387850959589
2023-01-11 11:00:00,347.51,0.34751,195.50717168232865,0.7820286867293146
2023-01-11 12:00:00,152.8,0.1528,202.7329371820758,0.8109317487283032
2023-01-11 13:00:00,16.55,0.01655,199.19479156330686,0.7967791662532274
2023-01-11 14:00:00,0.0,0.0,188.38378020427592,0.7535351208171037
2023-01-11 15:00:00,0.0,0.0,202.09459556280248,0.80837838225121
2023-01-11 16:00:00,0.0,0.0,227.60146689511976,0.910405867580479
2023-01-11 17:00:00,0.0,0.0,238.2539832062873,0.9530159328251492
2023-01-11 18:00:00,0.0,0.0,252.6629165688774,1.0106516662755096
2023-01-11 19:00:00,0.0,0.0,251.647804320576,1.006591217282304
2023-01-11 20:00:00,0.0,0.0,229.4384171705315,0.9177536686821259
2023-01-11 21:00:00,0.0,0.0,212.14284786362919,0.8485713914545168
2023-01-11 22:00:00,0.0,0.0,163.05239595958557,0.6522095838383423
2023-01-11 23:00:00,0.0,0.0,153.85367415199426,0.615414696607977
2023-01-12 00:00:00,0.0,0.0,143.48459109164105,0.5739383643665642
2023-01-12 01:00:00,0.0,0.0,134.5133009082109,0.5380532036328436
2023-01-12 02:00:00,0.0,0.0,147.2944678235898,0.5891778712943592
2023-01-12 03:00:00,87.25,0.08725,128.9191517322362,0.5156766069289448
2023-01-12 04:00:00,276.31,0.27631,139.3597330798181,0.5574389323192724
2023-01-12 05:00:00,464.36,0.46436,153.28444346371654,0.6131377738548661
2023-01-12 06:00:00,609.26,0.60926,191.1476397343967,0.7645905589375869
2023-01-12 07:00:00,693.81,0.6938099999999999,203.88482709292336,0.8155393083716934
2023-01-12 08:00:00,707.11,0.70711,226.97898251292978,0.9079159300517191
2023-01-12 09:00:00,649.21,0.6492100000000001,205.06139836611752,0.82024559346447
2023-01-12 10:00:00,526.51,0.52651,191.6109480937123,0.7664437923748492
2023-01-12 11:00:00,353.06,0.35306,192.77262084557964,0.7710904833823186
2023-01-12 12:00:00,157.2,0.1571999999999999,191.19435817344083,0.7647774326937633
2023-01-12 13:00:00,17.75,0.01775,189.39869873704725,0.757594794948189
2023-01-12 14:00:00,0.0,0.0,197.91881250994012,0.7916752500397605
2023-01-12 15:00:00,0.0,0.0,202.68811841882945,0.8107524736753178
2023-01-12 16:00:00,0.0,0.0,220.6811040715075,0.8827244162860299
2023-01-12 17:00:00,0.0,0.0,246.47278404712628,0.9858911361885051
2023-01-12 18:00:00,0.0,0.0,259.5161008968721,1.0380644035874884
2023-01-12 19:00:00,0.0,0.0,239.57310700703889,0.9582924280281555
2023-01-12 20:00:00,0.0,0.0,247.7982002479376,0.9911928009917503
2023-01-12 21:00:00,0.0,0.0,200.787473202865,0.80314989281146
2023-01-12 22:00:00,0.0,0.0,181.5892894297865,0.726357157719146
2023-01-12 23:00:00,0.0,0.0,163.52990323890745,0.6541196129556298
2023-01-13 00:00:00,0.0,0.0,146.6859512064102,0.5867438048256408
2023-01-13 01:00:00,0.0,0.0,138.26380288107646,0.5530552115243058
2023-01-13 02:00:00,0.0,0.0,136.25126649785636,0.5450050659914255
2023-01-13 03:00:00,83.25,0.08325,134.541994392047,0.538167977568188
2023-01-13 04:00:00,267.26,0.26726,138.46381145833473,0.5538552458333389
2023-01-13 05:00:00,461.41,0.46141,157.59761258212615,0.6303904503285046
2023-01-13 06:00:00,605.66,0.60566,184.6420929157903,0.7385683716631612
2023-01-13 07:00:00,687.86,0.68786,208.34254242843608,0.8333701697137443
2023-01-13 08:00:00,703.11,0.70311,225.39759925259952,0.9015903970103981
2023-01-13 09:00:00,645.91,0.64591,206.84379712525964,0.8273751885010385
2023-01-13 10:00:00,523.26,0.52326,202.37717271303376,0.8095086908521351
2023-01-13 11:00:00,350.61,0.35061,193.77777305154166,0.7751110922061666
2023-01-13 12:00:00,155.65,0.15565,185.02602993446754,0.7401041197378702
2023-01-13 13:00:00,17.75,0.01775,189.63891375881818,0.7585556550352727
2023-01-13 14:00:00,0.0,0.0,201.9837616307396,0.8079350465229583
2023-01-13 15:00:00,0.0,0.0,208.6622215926008,0.8346488863704031
2023-01-13 16:00:00,0.0,0.0,219.8745904362151,0.8794983617448604
2023-01-13 17:00:00,0.0,0.0,243.2039642998527,0.9728158571994108
2023-01-13 18:00:00,0.0,0.0,257.66598937473054,1.0306639574989223
2023-01-13 19:00:00,0.0,0.0,243.450571666985,0.97380228666794
2023-01-13 20:00:00,0.0,0.0,238.28258428702023,0.9531303371480809
2023-01-13 21:00:00,0.0,0.0,211.28684408539664,0.8451473763415865
2023-01-13 22:00:00,0.0,0.0,181.19391278063668,0.7247756511225467
2023-01-13 23:00:00,0.0,0.0,166.59266111192315,0.6663706444476926
2023-01-14 00:00:00,0.0,0.0,149.95249809392817,0.5998099923757126
2023-01-14 01:00:00,0.0,0.0,146.88105781600382,0.5875242312640153
2023-01-14 02:00:00,0.0,0.0,145.33287284292598,0.5813314913717039
2023-01-14 03:00:00,83.3,0.0833,137.62602304979657,0.5505040921991863
2023-01-14 04:00:00,268.96,0.26896,146.0917178277698,0.5843668713110792
2023-01-14 05:00:00,456.26,0.45626,150.63839946043925,0.602553597841757
2023-01-14 06:00:00,601.71,0.6017100000000001,184.44499811493066,0.7377799924597226
2023-01-14 07:00:00,685.06,0.6850599999999999,211.7191416737939,0.8468765666951756
2023-01-14 08:00:00,700.21,0.70021,220.58197578995632,0.8823279031598252
2023-01-14 09:00:00,644.21,0.6442100000000001,208.57094215262146,0.8342837686104858
2023-01-14 10:00:00,522.36,0.52236,192.59067590059917,0.7703627036023967
2023-01-14 11:00:00,350.26,0.35026,202.55432365411275,0.810217294616451
2023-01-14 12:00:00,156.85,0.15685,183.96389571100178,0.7358555828440071
2023-01-14 13:00:00,18.5,0.0185,185.7148683232736,0.7428594732930944
2023-01-14 14:00:00,0.0,0.0,204.4486652410004,0.8177946609640017
2023-01-14 15:00:00,0.0,0.0,209.7499761637776,0.8389999046551104
2023-01-14 16:00:00,0.0,0.0,223.74471890231294,0.8949788756092517
2023-01-14 17:00:00,0.0,0.0,246.27007305558567,0.9850802922223427
2023-01-14 18:00:00,0.0,0.0,249.92651936291853,0.9997060774516741
2023-01-14 19:00:00,0.0,0.0,241.616473771085,0.96646589508434
2023-01-14 20:00:00,0.0,0.0,235.45482734916237,0.9418193093966495
2023-01-14 21:00:00,0.0,0.0,208.43702973092735,0.8337481189237094
2023-01-14 22:00:00,0.0,0.0,188.3507184005065,0.7534028736020261
2023-01-14 23:00:00,0.0,0.0,159.11765571098718,0.6364706228439487
2023-01-15 00:00:00,0.0,0.0,140.04701681924493,0.5601880672769797
2023-01-15 01:00:00,0.0,0.0,140.07168495008204,0.5602867398003282
2023-01-15 02:00:00,0.0,0.0,139.97758872565373,0.559910354902615
2023-01-15 03:00:00,81.05,0.08105,134.11765268317615,0.5364706107327046
2023-01-15 04:00:00,264.26,0.26426,137.0666776266014,0.5482667105064056
2023-01-15 05:00:00,451.01,0.4510099999999999,153.96212326895147,0.6158484930758059
2023-01-15 06:00:00,594.56,0.59456,183.96979942665234,0.7358791977066094
2023-01-15 07:00:00,679.26,0.67926,209.45834094777322,0.8378333637910929
2023-01-15 08:00:00,696.11,0.69611,217.17377016629007,0.8686950806651603
2023-01-15 09:00:00,641.86,0.64186,206.39229962414583,0.8255691984965834
2023-01-15 10:00:00,522.01,0.52201,188.81149395101608,0.7552459758040643
2023-01-15 11:00:00,350.36,0.35036,181.55521735374066,0.7262208694149627
2023-01-15 12:00:00,157.45,0.1574499999999999,185.68933467248536,0.7427573386899414
2023-01-15 13:00:00,19.05,0.01905,191.71931708972892,0.7668772683589157
2023-01-15 14:00:00,0.0,0.0,199.36544539358803,0.7974617815743521
2023-01-15 15:00:00,0.0,0.0,213.85213730169733,0.8554085492067893
2023-01-15 16:00:00,0.0,0.0,225.14595773921212,0.9005838309568485
2023-01-15 17:00:00,0.0,0.0,241.54036882021944,0.9661614752808778
2023-01-15 18:00:00,0.0,0.0,249.88590275258386,0.9995436110103354
2023-01-15 19:00:00,0.0,0.0,240.98482381217315,0.9639392952486926
2023-01-15 20:00:00,0.0,0.0,234.88892118404567,0.9395556847361827
2023-01-15 21:00:00,0.0,0.0,210.76804816647916,0.8430721926659166
2023-01-15 22:00:00,0.0,0.0,184.43631136202856,0.7377452454481143
2023-01-15 23:00:00,0.0,0.0,155.03661433868606,0.6201464573547443
2023-01-16 00:00:00,0.0,0.0,148.11607908544704,0.5924643163417882
2023-01-16 01:00:00,0.0,0.0,151.19643347801548,0.6047857339120619
2023-01-16 02:00:00,0.0,0.0,136.84743910925886,0.5473897564370355
2023-01-16 03:00:00,82.65,0.08265,139.91027033259365,0.5596410813303746
2023-01-16 04:00:00,269.56,0.26956,146.1408639502667,0.5845634558010667
2023-01-16 05:00:00,456.51,0.4565099999999999,150.092677168685,0.60037070867474
2023-01-16 06:00:00,603.76,0.60376,183.84455489086253,0.7353782195634501
2023-01-16 07:00:00,696.36,0.69636,212.57555440469076,0.850302217618763
2023-01-16 08:00:00,713.76,0.71376,220.58605659129302,0.8823442263651721
2023-01-16 09:00:00,658.51,0.65851,200.3619412968672,0.8014477651874689
2023-01-16 10:00:00,537.86,0.53786,197.64706104555364,0.7905882441822145
2023-01-16 11:00:00,365.51,0.36551,192.98798974747268,0.7719519589898908
2023-01-16 12:00:00,167.75,0.16775,198.70686164677025,0.794827446587081
2023-01-16 13:00:00,21.3,0.0213,198.75562495651124,0.795022499826045
2023-01-16 14:00:00,0.0,0.0,210.41909474506934,0.8416763789802774
2023-01-16 15:00:00,0.0,0.0,200.39591462267168,0.8015836584906867
2023-01-16 16:00:00,0.0,0.0,225.23392382032407,0.9009356952812962
2023-01-16 17:00:00,0.0,0.0,243.6000520344301,0.9744002081377203
2023-01-16 18:00:00,0.0,0.0,263.13881759930604,1.052555270397224
2023-01-16 19:00:00,0.0,0.0,242.15021028786907,0.9686008411514763
2023-01-16 20:00:00,0.0,0.0,229.96166894691535,0.9198466757876614
2023-01-16 21:00:00,0.0,0.0,208.90364412733587,0.8356145765093435
2023-01-16 22:00:00,0.0,0.0,169.75662565414115,0.6790265026165646
2023-01-16 23:00:00,0.0,0.0,156.84546986991543,0.6273818794796617
2023-01-17 00:00:00,0.0,0.0,140.44520403067781,0.5617808161227112
2023-01-17 01:00:00,0.0,0.0,142.90236271885726,0.571609450875429
2023-01-17 02:00:00,0.0,0.0,139.55053585466297,0.5582021434186518
2023-01-17 03:00:00,85.3,0.0853,148.75702503529533,0.5950281001411813
2023-01-17 04:00:00,273.71,0.2737099999999999,147.7025430291163,0.5908101721164652
2023-01-17 05:00:00,462.16,0.46216,149.0385780660256,0.5961543122641024
2023-01-17 06:00:00,609.11,0.60911,177.10951197190985,0.7084380478876394
2023-01-17 07:00:00,693.41,0.69341,215.45151502903903,0.8618060601161561
2023-01-17 08:00:00,708.81,0.7088099999999999,212.07860075787613,0.8483144030315045
2023-01-17 09:00:00,653.06,0.65306,215.98875259512613,0.8639550103805045
2023-01-17 10:00:00,531.81,0.5318099999999999,204.57664072432772,0.8183065628973109
2023-01-17 11:00:00,359.96,0.35996,187.18494608737177,0.7487397843494871
2023-01-17 12:00:00,164.65,0.16465,179.72119282545472,0.7188847713018189
2023-01-17 13:00:00,21.2,0.0212,201.1232342449925,0.8044929369799699
2023-01-17 14:00:00,0.0,0.0,196.8127609284843,0.7872510437139372
2023-01-17 15:00:00,0.0,0.0,212.42689787184077,0.8497075914873631
2023-01-17 16:00:00,0.0,0.0,210.4334340472338,0.8417337361889351
2023-01-17 17:00:00,0.0,0.0,238.90374986227735,0.9556149994491094
2023-01-17 18:00:00,0.0,0.0,250.0314621983091,1.0001258487932363
2023-01-17 19:00:00,0.0,0.0,247.28188356258846,0.9891275342503538
2023-01-17 20:00:00,0.0,0.0,232.29960717112453,0.9291984286844981
2023-01-17 21:00:00,0.0,0.0,216.237099594085,0.8649483983763401
2023-01-17 22:00:00,0.0,0.0,176.09427742370445,0.7043771096948178
2023-01-17 23:00:00,0.0,0.0,159.14572308987223,0.636582892359489
2023-01-18 00:00:00,0.0,0.0,145.72177379027138,0.5828870951610855
2023-01-18 01:00:00,0.0,0.0,145.0866330043525,0.58034653201741
2023-01-18 02:00:00,0.0,0.0,141.76968926853334,0.5670787570741334
2023-01-18 03:00:00,84.7,0.0847,130.75214744897278,0.5230085897958912
2023-01-18 04:00:00,273.71,0.2737099999999999,132.79531497558628,0.5311812599023451
2023-01-18 05:00:00,461.76,0.46176,160.16606093139106,0.6406642437255642
2023-01-18 06:00:00,607.06,0.6070599999999999,184.49388407187757,0.7379755362875103
2023-01-18 07:00:00,694.01,0.69401,208.00908078066067,0.8320363231226426
2023-01-18 08:00:00,710.61,0.71061,229.30691185313515,0.9172276474125406
2023-01-18 09:00:00,655.66,0.65566,205.69404780575715,0.8227761912230286
2023-01-18 10:00:00,535.26,0.53526,204.57578310438296,0.8183031324175318
2023-01-18 11:00:00,363.01,0.36301,190.40511088846065,0.7616204435538426
2023-01-18 12:00:00,167.1,0.1671,202.36448754929194,0.8094579501971677
2023-01-18 13:00:00,22.05,0.02205,203.53204505465922,0.8141281802186369
2023-01-18 14:00:00,0.0,0.0,196.00621510912558,0.7840248604365023
2023-01-18 15:00:00,0.0,0.0,210.82942570572612,0.8433177028229045
2023-01-18 16:00:00,0.0,0.0,223.8722556975109,0.8954890227900436
2023-01-18 17:00:00,0.0,0.0,250.71178934519406,1.0028471573807762
2023-01-18 18:00:00,0.0,0.0,244.21045923651937,0.9768418369460775
2023-01-18 19:00:00,0.0,0.0,251.11630875999063,1.0044652350399625
2023-01-18 20:00:00,0.0,0.0,241.35054692109753,0.9654021876843901
2023-01-18 21:00:00,0.0,0.0,201.9475630814613,0.8077902523258452
2023-01-18 22:00:00,0.0,0.0,175.40044892400536,0.7016017956960214
2023-01-18 23:00:00,0.0,0.0,147.7646069334394,0.5910584277337576
2023-01-19 00:00:00,0.0,0.0,143.38355899333266,0.5735342359733306
2023-01-19 01:00:00,0.0,0.0,146.30525353477577,0.5852210141391031
2023-01-19 02:00:00,0.0,0.0,146.51414231257618,0.5860565692503047
2023-01-19 03:00:00,81.15,0.08115,137.94456868251865,0.5517782747300746
2023-01-19 04:00:00,265.81,0.26581,151.77169327342776,0.6070867730937111
2023-01-19 05:00:00,453.01,0.4530099999999999,144.21939125071066,0.5768775650028426
2023-01-19 06:00:00,597.01,0.59701,172.27970536386908,0.6891188214554763
2023-01-19 07:00:00,686.51,0.68651,212.1667138066203,0.8486668552264812
2023-01-19 08:00:00,704.81,0.7048099999999999,222.30439269363586,0.8892175707745434
2023-01-19 09:00:00,651.16,0.65116,204.80383151143545,0.8192153260457418
2023-01-19 10:00:00,531.46,0.53146,185.09534739976073,0.7403813895990429
2023-01-19 11:00:00,360.21,0.36021,189.46527976292327,0.7578611190516931
2023-01-19 12:00:00,165.65,0.16565,182.17318299697087,0.7286927319878834
2023-01-19 13:00:00,22.1,0.0221,197.01803529298024,0.7880721411719209
2023-01-19 14:00:00,0.0,0.0,199.69958947658108,0.7987983579063244
2023-01-19 15:00:00,0.0,0.0,199.36072128203585,0.7974428851281434
2023-01-19 16:00:00,0.0,0.0,216.91679849597983,0.8676671939839193
2023-01-19 17:00:00,0.0,0.0,236.14471886866627,0.9445788754746651
2023-01-19 18:00:00,0.0,0.0,249.62392541636098,0.9984957016654439
2023-01-19 19:00:00,0.0,0.0,252.73085392300743,1.0109234156920297
2023-01-19 20:00:00,0.0,0.0,229.08564372198674,0.916342574887947
2023-01-19 21:00:00,0.0,0.0,215.52427909310705,0.8620971163724283
2023-01-19 22:00:00,0.0,0.0,179.31845428976538,0.7172738171590616
2023-01-19 23:00:00,0.0,0.0,155.24276300642595,0.6209710520257038
2023-01-20 00:00:00,0.0,0.0,144.35781784027265,0.5774312713610906
2023-01-20 01:00:00,0.0,0.0,135.78854606548376,0.5431541842619351
2023-01-20 02:00:00,0.0,0.0,134.1781041679169,0.5367124166716676
2023-01-20 03:00:00,79.15,0.07915,130.3127326444669,0.5212509305778676
2023-01-20 04:00:00,260.61,0.26061,153.78835079749834,0.6151534031899933
2023-01-20 05:00:00,444.86,0.44486,152.71158131183037,0.6108463252473215
2023-01-20 06:00:00,591.11,0.59111,178.3016469520445,0.713206587808178
2023-01-20 07:00:00,678.71,0.67871,213.78387946440535,0.8551355178576214
2023-01-20 08:00:00,697.61,0.6976100000000001,219.32603170185502,0.8773041268074201
2023-01-20 09:00:00,642.91,0.64291,203.67418240280068,0.8146967296112028
2023-01-20 10:00:00,526.86,0.52686,201.18500020026056,0.8047400008010422
2023-01-20 11:00:00,357.61,0.35761,194.5450462602838,0.7781801850411353
2023-01-20 12:00:00,164.9,0.1649,186.81699311433684,0.7472679724573473
2023-01-20 13:00:00,22.45,0.0224499999999999,189.54509055613192,0.7581803622245277
2023-01-20 14:00:00,0.0,0.0,195.84968981709014,0.7833987592683606
2023-01-20 15:00:00,0.0,0.0,191.1884730115865,0.764753892046346
2023-01-20 16:00:00,0.0,0.0,210.9088536268087,0.8436354145072348
2023-01-20 17:00:00,0.0,0.0,250.70124560466712,1.0028049824186684
2023-01-20 18:00:00,0.0,0.0,259.8698062810077,1.0394792251240308
2023-01-20 19:00:00,0.0,0.0,245.50578376266174,0.982023135050647
2023-01-20 20:00:00,0.0,0.0,238.4593417783346,0.9538373671133383
2023-01-20 21:00:00,0.0,0.0,214.36750092726123,0.8574700037090449
2023-01-20 22:00:00,0.0,0.0,200.97328485073143,0.8038931394029257
2023-01-20 23:00:00,0.0,0.0,166.71744946860747,0.6668697978744299
2023-01-21 00:00:00,0.0,0.0,144.2324944511154,0.5769299778044616
2023-01-21 01:00:00,0.0,0.0,136.26675735639745,0.5450670294255898
2023-01-21 02:00:00,0.0,0.0,127.86132207845456,0.5114452883138183
2023-01-21 03:00:00,80.25,0.08025,138.72078181520334,0.5548831272608133
2023-01-21 04:00:00,263.56,0.26356,137.46189552829418,0.5498475821131767
2023-01-21 05:00:00,450.71,0.45071,143.96647774241396,0.5758659109696558
2023-01-21 06:00:00,597.46,0.59746,178.62056269454484,0.7144822507781794
2023-01-21 07:00:00,676.16,0.67616,206.01071197831362,0.8240428479132544
2023-01-21 08:00:00,693.86,0.69386,230.12284981043538,0.9204913992417415
2023-01-21 09:00:00,640.86,0.64086,210.2898385416967,0.8411593541667868
2023-01-21 10:00:00,524.01,0.52401,197.4521641521003,0.7898086566084012
2023-01-21 11:00:00,354.46,0.35446,198.87966483334014,0.7955186593333605
2023-01-21 12:00:00,161.8,0.1618,190.4642098458857,0.7618568393835429
2023-01-21 13:00:00,22.5,0.0225,187.83229479203044,0.7513291791681218
2023-01-21 14:00:00,0.0,0.0,206.63874446361797,0.8265549778544719
2023-01-21 15:00:00,0.0,0.0,208.23346026210794,0.8329338410484317
2023-01-21 16:00:00,0.0,0.0,213.77652307404128,0.8551060922961651
2023-01-21 17:00:00,0.0,0.0,241.35796793149837,0.9654318717259934
2023-01-21 18:00:00,0.0,0.0,244.74629047969145,0.9789851619187658
2023-01-21 19:00:00,0.0,0.0,238.70320161421398,0.954812806456856
2023-01-21 20:00:00,0.0,0.0,240.55706528518985,0.9622282611407594
2023-01-21 21:00:00,0.0,0.0,223.9564998428208,0.8958259993712832
2023-01-21 22:00:00,0.0,0.0,174.10859455708515,0.6964343782283406
2023-01-21 23:00:00,0.0,0.0,163.37781542014343,0.6535112616805737
2023-01-22 00:00:00,0.0,0.0,141.09614458526903,0.5643845783410761
2023-01-22 01:00:00,0.0,0.0,139.07724769741182,0.5563089907896472
2023-01-22 02:00:00,0.0,0.0,133.9456364545668,0.5357825458182672
2023-01-22 03:00:00,77.1,0.0770999999999999,132.3160553819211,0.5292642215276844
2023-01-22 04:00:00,256.21,0.25621,142.29112976766896,0.5691645190706759
2023-01-22 05:00:00,440.86,0.44086,147.51429930153378,0.5900571972061351
2023-01-22 06:00:00,587.41,0.58741,184.12274095467905,0.7364909638187161
2023-01-22 07:00:00,673.91,0.67391,212.19857134330516,0.8487942853732207
2023-01-22 08:00:00,692.66,0.6926599999999999,218.56631171880156,0.8742652468752062
2023-01-22 09:00:00,644.06,0.64406,199.5546180277504,0.7982184721110016
2023-01-22 10:00:00,527.86,0.52786,194.03937201659,0.77615748806636
2023-01-22 11:00:00,359.66,0.35966,194.53234735495454,0.7781293894198181
2023-01-22 12:00:00,166.85,0.16685,193.0055031257463,0.7720220125029852
2023-01-22 13:00:00,23.4,0.0233999999999999,187.13466853120872,0.7485386741248349
2023-01-22 14:00:00,0.0,0.0,198.09599383257535,0.7923839753303014
2023-01-22 15:00:00,0.0,0.0,209.5083227402307,0.8380332909609228
2023-01-22 16:00:00,0.0,0.0,209.98356831327177,0.8399342732530871
2023-01-22 17:00:00,0.0,0.0,245.76016115427961,0.9830406446171185
2023-01-22 18:00:00,0.0,0.0,246.02425744632492,0.9840970297852997
2023-01-22 19:00:00,0.0,0.0,250.42359201155895,1.0016943680462358
2023-01-22 20:00:00,0.0,0.0,230.4204450607449,0.9216817802429795
2023-01-22 21:00:00,0.0,0.0,201.6707073960129,0.8066828295840516
2023-01-22 22:00:00,0.0,0.0,172.734745372701,0.690938981490804
2023-01-22 23:00:00,0.0,0.0,160.28850967996829,0.6411540387198731
2023-01-23 00:00:00,0.0,0.0,146.5583350103289,0.5862333400413157
2023-01-23 01:00:00,0.0,0.0,136.57410024937354,0.5462964009974942
2023-01-23 02:00:00,0.0,0.0,141.33155475266423,0.5653262190106569
2023-01-23 03:00:00,78.25,0.07825,127.53087962638624,0.5101235185055449
2023-01-23 04:00:00,258.71,0.25871,141.6035212081161,0.5664140848324644
2023-01-23 05:00:00,443.61,0.44361,145.23390280142524,0.580935611205701
2023-01-23 06:00:00,588.26,0.58826,178.58898335318705,0.7143559334127482
2023-01-23 07:00:00,675.51,0.6755099999999999,212.7843920278985,0.8511375681115939
2023-01-23 08:00:00,694.81,0.6948099999999999,214.8375198082963,0.8593500792331852
2023-01-23 09:00:00,643.76,0.64376,202.69266673462104,0.8107706669384842
2023-01-23 10:00:00,527.26,0.52726,203.53775685528666,0.8141510274211466
2023-01-23 11:00:00,358.46,0.35846,186.53864878286112,0.7461545951314444
2023-01-23 12:00:00,163.25,0.16325,195.01415267239085,0.7800566106895634
2023-01-23 13:00:00,23.5,0.0235,186.2217588720543,0.7448870354882172
2023-01-23 14:00:00,0.0,0.0,200.6788250674917,0.8027153002699667
2023-01-23 15:00:00,0.0,0.0,213.6494117239474,0.8545976468957895
2023-01-23 16:00:00,0.0,0.0,205.17013299923627,0.8206805319969451
2023-01-23 17:00:00,0.0,0.0,237.71862846717713,0.9508745138687085
2023-01-23 18:00:00,0.0,0.0,253.46243276308323,1.013849731052333
2023-01-23 19:00:00,0.0,0.0,245.78172768374205,0.9831269107349682
2023-01-23 20:00:00,0.0,0.0,237.22687524022786,0.9489075009609114
2023-01-23 21:00:00,0.0,0.0,208.87608887970507,0.8355043555188203
2023-01-23 22:00:00,0.0,0.0,183.0195387248374,0.7320781548993496
2023-01-23 23:00:00,0.0,0.0,159.0659365876475,0.63626374635059
2023-01-24 00:00:00,0.0,0.0,152.00669236995884,0.6080267694798354
2023-01-24 01:00:00,0.0,0.0,143.52652505980728,0.5741061002392291
2023-01-24 02:00:00,0.0,0.0,139.52561597245122,0.5581024638898049
2023-01-24 03:00:00,74.7,0.0747,135.0287382032652,0.5401149528130608
2023-01-24 04:00:00,250.21,0.25021,139.07436265556504,0.5562974506222601
2023-01-24 05:00:00,432.36,0.43236,149.9046508730823,0.5996186034923292
2023-01-24 06:00:00,576.91,0.5769099999999999,184.8667128542698,0.7394668514170791
2023-01-24 07:00:00,663.46,0.66346,209.9740931150784,0.8398963724603136
2023-01-24 08:00:00,633.16,0.63316,221.7386491413785,0.8869545965655139
2023-01-24 09:00:00,498.31,0.49831,217.45240479187262,0.8698096191674904
2023-01-24 10:00:00,432.16,0.43216,202.72674822059014,0.8109069928823606
2023-01-24 11:00:00,264.3,0.2643,188.04385880699294,0.7521754352279718
2023-01-24 12:00:00,114.0,0.114,197.20728353298364,0.7888291341319346
2023-01-24 13:00:00,21.8,0.0218,190.5515477618707,0.7622061910474828
2023-01-24 14:00:00,0.0,0.0,185.27125278893288,0.7410850111557316
2023-01-24 15:00:00,0.0,0.0,198.95148213449556,0.7958059285379823
2023-01-24 16:00:00,0.0,0.0,208.7752484738449,0.8351009938953796
2023-01-24 17:00:00,0.0,0.0,240.39091909575214,0.9615636763830085
2023-01-24 18:00:00,0.0,0.0,250.1105102751373,1.0004420411005492
2023-01-24 19:00:00,0.0,0.0,257.05862387365164,1.0282344954946065
2023-01-24 20:00:00,0.0,0.0,236.96156424258498,0.94784625697034
2023-01-24 21:00:00,0.0,0.0,211.1853968271468,0.8447415873085872
2023-01-24 22:00:00,0.0,0.0,187.47643348710096,0.7499057339484039
2023-01-24 23:00:00,0.0,0.0,146.73318814595268,0.5869327525838107
2023-01-25 00:00:00,0.0,0.0,146.4136873486514,0.5856547493946056
2023-01-25 01:00:00,0.0,0.0,146.6251911633218,0.5865007646532872
2023-01-25 02:00:00,0.0,0.0,128.62848252532095,0.5145139301012838
2023-01-25 03:00:00,50.85,0.05085,144.36252425924158,0.5774500970369664
2023-01-25 04:00:00,217.0,0.217,144.03097844496648,0.5761239137798659
2023-01-25 05:00:00,418.46,0.41846,150.00827251659518,0.6000330900663807
2023-01-25 06:00:00,528.91,0.52891,186.2966911966377,0.7451867647865509
2023-01-25 07:00:00,613.76,0.61376,226.12415714682638,0.9044966285873055
2023-01-25 08:00:00,649.91,0.64991,221.091197530351,0.884364790121404
2023-01-25 09:00:00,583.86,0.58386,206.489323517802,0.825957294071208
2023-01-25 10:00:00,310.75,0.31075,194.7438346027585,0.7789753384110341
2023-01-25 11:00:00,110.55,0.11055,184.90093378321126,0.739603735132845
2023-01-25 12:00:00,116.2,0.1162,194.98201489926547,0.7799280595970619
2023-01-25 13:00:00,17.5,0.0175,187.8634970445468,0.7514539881781872
2023-01-25 14:00:00,0.0,0.0,197.92939742331635,0.7917175896932653
2023-01-25 15:00:00,0.0,0.0,202.1340553194093,0.8085362212776372
2023-01-25 16:00:00,0.0,0.0,222.87387895447836,0.8914955158179134
2023-01-25 17:00:00,0.0,0.0,244.50197263172169,0.9780078905268867
2023-01-25 18:00:00,0.0,0.0,256.2252396655474,1.0249009586621896
2023-01-25 19:00:00,0.0,0.0,243.93990160687153,0.9757596064274862
2023-01-25 20:00:00,0.0,0.0,233.3807503882398,0.9335230015529592
2023-01-25 21:00:00,0.0,0.0,206.62741770530616,0.8265096708212246
2023-01-25 22:00:00,0.0,0.0,179.83424043954335,0.7193369617581734
2023-01-25 23:00:00,0.0,0.0,162.2638029582691,0.6490552118330765
2023-01-26 00:00:00,0.0,0.0,149.54193169987212,0.5981677267994885
2023-01-26 01:00:00,0.0,0.0,136.46700805493424,0.545868032219737
2023-01-26 02:00:00,0.0,0.0,142.71763552063396,0.5708705420825358
2023-01-26 03:00:00,28.4,0.0283999999999999,145.6338271528297,0.5825353086113187
2023-01-26 04:00:00,121.6,0.1216,144.48060941934222,0.5779224376773688
2023-01-26 05:00:00,364.16,0.36416,163.76077487534837,0.6550430995013935
2023-01-26 06:00:00,498.81,0.49881,177.85726480537858,0.7114290592215143
2023-01-26 07:00:00,567.81,0.5678099999999999,205.0320717801315,0.820128287120526
2023-01-26 08:00:00,495.81,0.49581,209.32767850657433,0.8373107140262973
2023-01-26 09:00:00,501.56,0.50156,213.97626586893512,0.8559050634757405
2023-01-26 10:00:00,336.91,0.33691,201.42619393812436,0.8057047757524974
2023-01-26 11:00:00,172.2,0.1722,189.66649197453728,0.7586659678981491
2023-01-26 12:00:00,81.35,0.0813499999999999,191.6798117579189,0.7667192470316756
2023-01-26 13:00:00,15.6,0.0156,186.24706571620976,0.744988262864839
2023-01-26 14:00:00,0.0,0.0,212.17451187770095,0.8486980475108038
2023-01-26 15:00:00,0.0,0.0,205.77532709185135,0.8231013083674054
2023-01-26 16:00:00,0.0,0.0,220.65636876762937,0.8826254750705175
2023-01-26 17:00:00,0.0,0.0,246.85459974339213,0.9874183989735685
2023-01-26 18:00:00,0.0,0.0,252.88605539042027,1.011544221561681
2023-01-26 19:00:00,0.0,0.0,248.34330414567478,0.9933732165826992
2023-01-26 20:00:00,0.0,0.0,230.25715326732814,0.9210286130693125
2023-01-26 21:00:00,0.0,0.0,215.32881014281597,0.8613152405712639
2023-01-26 22:00:00,0.0,0.0,193.7921469788502,0.7751685879154009
2023-01-26 23:00:00,0.0,0.0,168.07252027692988,0.6722900811077195
2023-01-27 00:00:00,0.0,0.0,154.5591197598364,0.6182364790393455
2023-01-27 01:00:00,0.0,0.0,138.9327059414129,0.5557308237656516
2023-01-27 02:00:00,0.0,0.0,131.5623710784485,0.526249484313794
2023-01-27 03:00:00,78.45,0.07845,136.74527847940212,0.5469811139176085
2023-01-27 04:00:00,259.16,0.25916,142.33434947373217,0.5693373978949287
2023-01-27 05:00:00,448.06,0.44806,159.0651491108257,0.6362605964433028
2023-01-27 06:00:00,597.06,0.5970599999999999,172.3452122217111,0.6893808488868445
2023-01-27 07:00:00,682.96,0.68296,221.67730191676367,0.8867092076670546
2023-01-27 08:00:00,703.11,0.70311,219.05195260852605,0.8762078104341042
2023-01-27 09:00:00,651.96,0.65196,202.43871358031546,0.8097548543212618
2023-01-27 10:00:00,527.91,0.52791,191.42737374843898,0.765709494993756
2023-01-27 11:00:00,341.96,0.34196,180.0708599688054,0.7202834398752216
2023-01-27 12:00:00,135.95,0.13595,194.9390235037715,0.7797560940150859
2023-01-27 13:00:00,20.9,0.0209,193.43990780313044,0.7737596312125218
2023-01-27 14:00:00,0.0,0.0,189.7602346015537,0.7590409384062148
2023-01-27 15:00:00,0.0,0.0,197.2295273676183,0.7889181094704731
2023-01-27 16:00:00,0.0,0.0,217.98529180425925,0.871941167217037
2023-01-27 17:00:00,0.0,0.0,252.51412915173634,1.0100565166069453
2023-01-27 18:00:00,0.0,0.0,248.44245189181837,0.9937698075672735
2023-01-27 19:00:00,0.0,0.0,237.98114228129137,0.9519245691251654
2023-01-27 20:00:00,0.0,0.0,233.52554161548434,0.9341021664619373
2023-01-27 21:00:00,0.0,0.0,210.86365858151396,0.8434546343260558
2023-01-27 22:00:00,0.0,0.0,166.31868014235056,0.6652747205694023
2023-01-27 23:00:00,0.0,0.0,159.67423080089313,0.6386969232035725
2023-01-28 00:00:00,0.0,0.0,143.61439281874794,0.5744575712749918
2023-01-28 01:00:00,0.0,0.0,146.17723818888052,0.584708952755522
2023-01-28 02:00:00,0.0,0.0,148.59373656967207,0.5943749462786883
2023-01-28 03:00:00,84.6,0.0846,144.25939017728655,0.5770375607091462
2023-01-28 04:00:00,272.56,0.27256,140.386667856671,0.561546671426684
2023-01-28 05:00:00,462.41,0.46241,145.86084454754996,0.5834433781901999
2023-01-28 06:00:00,613.16,0.6131599999999999,197.94015881949917,0.7917606352779967
2023-01-28 07:00:00,704.56,0.70456,212.85531060408692,0.8514212424163476
2023-01-28 08:00:00,725.81,0.72581,220.08357575147767,0.8803343030059106
2023-01-28 09:00:00,673.06,0.67306,204.85524947733998,0.81942099790936
2023-01-28 10:00:00,552.86,0.55286,198.68850856460713,0.7947540342584285
2023-01-28 11:00:00,380.21,0.38021,189.13383752845635,0.7565353501138254
2023-01-28 12:00:00,182.55,0.18255,186.55802795871858,0.7462321118348744
2023-01-28 13:00:00,29.35,0.02935,189.71884635255765,0.7588753854102306
2023-01-28 14:00:00,0.0,0.0,197.30348037870402,0.7892139215148161
2023-01-28 15:00:00,0.0,0.0,201.7394513731974,0.8069578054927896
2023-01-28 16:00:00,0.0,0.0,215.72292530393702,0.8628917012157481
2023-01-28 17:00:00,0.0,0.0,243.13858136615139,0.9725543254646055
2023-01-28 18:00:00,0.0,0.0,248.47013669547488,0.9938805467818995
2023-01-28 19:00:00,0.0,0.0,256.0239579314961,1.0240958317259845
2023-01-28 20:00:00,0.0,0.0,219.09418114964194,0.8763767245985677
2023-01-28 21:00:00,0.0,0.0,219.04904111153476,0.876196164446139
2023-01-28 22:00:00,0.0,0.0,189.97651115498576,0.759906044619943
2023-01-28 23:00:00,0.0,0.0,147.5596586055511,0.5902386344222045
2023-01-29 00:00:00,0.0,0.0,142.9438744355179,0.5717754977420716
2023-01-29 01:00:00,0.0,0.0,139.77135480402526,0.5590854192161011
2023-01-29 02:00:00,0.0,0.0,129.05492983169307,0.5162197193267722
2023-01-29 03:00:00,82.1,0.0820999999999999,132.83309987445475,0.531332399497819
2023-01-29 04:00:00,274.31,0.27431,135.33654492720504,0.5413461797088202
2023-01-29 05:00:00,460.21,0.4602099999999999,163.01362266054173,0.6520544906421669
2023-01-29 06:00:00,610.41,0.61041,188.11407035888476,0.752456281435539
2023-01-29 07:00:00,703.51,0.70351,220.12933056996496,0.8805173222798599
2023-01-29 08:00:00,717.56,0.71756,224.33003238425943,0.8973201295370377
2023-01-29 09:00:00,657.56,0.6575599999999999,198.22568937269662,0.7929027574907865
2023-01-29 10:00:00,541.61,0.54161,194.35287840232138,0.7774115136092855
2023-01-29 11:00:00,380.36,0.38036,192.9362473673675,0.77174498946947
2023-01-29 12:00:00,171.45,0.17145,182.66723314664833,0.7306689325865933
2023-01-29 13:00:00,26.8,0.0268,197.27799058103432,0.7891119623241373
2023-01-29 14:00:00,0.0,0.0,196.0580476110512,0.7842321904442048
2023-01-29 15:00:00,0.0,0.0,202.7510751547024,0.8110043006188096
2023-01-29 16:00:00,0.0,0.0,224.26575980922098,0.8970630392368839
2023-01-29 17:00:00,0.0,0.0,245.16557986891624,0.980662319475665
2023-01-29 18:00:00,0.0,0.0,247.83420300508553,0.9913368120203421
2023-01-29 19:00:00,0.0,0.0,253.9559788201855,1.015823915280742
2023-01-29 20:00:00,0.0,0.0,228.51362003440062,0.9140544801376025
2023-01-29 21:00:00,0.0,0.0,216.1956136416656,0.8647824545666624
2023-01-29 22:00:00,0.0,0.0,186.0586075478103,0.7442344301912412
2023-01-29 23:00:00,0.0,0.0,158.14272136411606,0.6325708854564642
2023-01-30 00:00:00,0.0,0.0,146.9567981334527,0.5878271925338109
2023-01-30 01:00:00,0.0,0.0,134.49331854168818,0.5379732741667528
2023-01-30 02:00:00,0.0,0.0,143.04416211524142,0.5721766484609657
2023-01-30 03:00:00,7.2,0.0072,136.39058718134208,0.5455623487253684
2023-01-30 04:00:00,58.8,0.0588,138.86366187688577,0.555454647507543
2023-01-30 05:00:00,382.21,0.38221,158.79405535502133,0.6351762214200853
2023-01-30 06:00:00,589.26,0.58926,178.27393785674346,0.7130957514269738
2023-01-30 07:00:00,682.01,0.68201,204.04923222181867,0.8161969288872747
2023-01-30 08:00:00,675.86,0.67586,210.6602249588566,0.8426408998354263
2023-01-30 09:00:00,616.31,0.6163099999999999,208.63605970807384,0.8345442388322953
2023-01-30 10:00:00,506.61,0.50661,189.8174238850223,0.7592696955400892
2023-01-30 11:00:00,337.36,0.33736,200.52876509190617,0.8021150603676247
2023-01-30 12:00:00,136.05,0.13605,177.50842355269765,0.7100336942107905
2023-01-30 13:00:00,22.05,0.02205,203.17873820974023,0.8127149528389609
2023-01-30 14:00:00,0.0,0.0,198.7661048032157,0.7950644192128629
2023-01-30 15:00:00,0.0,0.0,204.41972132877765,0.8176788853151106
2023-01-30 16:00:00,0.0,0.0,216.7304854791463,0.8669219419165852
2023-01-30 17:00:00,0.0,0.0,244.89481668611242,0.9795792667444497
2023-01-30 18:00:00,0.0,0.0,249.7741917854509,0.9990967671418036
2023-01-30 19:00:00,0.0,0.0,253.61981129209912,1.0144792451683964
2023-01-30 20:00:00,0.0,0.0,235.68536589197225,0.942741463567889
2023-01-30 21:00:00,0.0,0.0,213.40181056877128,0.8536072422750851
2023-01-30 22:00:00,0.0,0.0,180.31832672671686,0.7212733069068674
2023-01-30 23:00:00,0.0,0.0,159.6583262576736,0.6386333050306944
2023-01-31 00:00:00,0.0,0.0,146.84681061335235,0.5873872424534093
