rank,action_id,action_type,name,converged,resolved,residual_violations_count,residual_voltage_violations,residual_loading_violations,min_vm_pu,max_vm_pu,max_line_loading_percent,renewable_retained_pct,cost_proxy,score,description,violations_detail
1,battery_coordinated_b5_b10,BATTERY_DISPATCH,Dual-Battery Coordinated Dispatch (-2.0 MW),True,True,0,0,0,0.958,1.03,36.42,100.0,2.0,1170.0,Coordinated dispatch of Battery 1 (Bus 5: -1.2 MW) and Battery 2 (Bus 10: -0.8 MW). 100% clean energy preserved.,[]
2,battery_-2.00mw_bus6,BATTERY_DISPATCH,Battery Dispatch (-2.00 MW),True,False,1,0,0,0.9465,1.03,47.67,100.0,2.0,103.78,Dispatched Battery Bus 6 at Bus 6 to -2.00 MW (DISCHARGING (inject power)). 100% clean energy preserved.,"[{'element_type': 'trafo', 'element_id': 0, 'element_name': 'Trafo 0-1', 'hv_bus': 0, 'lv_bus': 1, 'violation_type': 'TRAFO_OVERLOAD', 'actual_value': 103.11, 'limit_value': 100.0, 'unit': '%', 'margin': 3.11, 'severity': 3.11, 'description': 'Trafo 0-1 overload: 103.1% exceeds limit 100.0% (+3.1%)'}]"
3,battery_-1.50mw_bus6,BATTERY_DISPATCH,Battery Dispatch (-1.50 MW),True,False,1,0,0,0.9409,1.03,56.17,100.0,2.0,99.56,Dispatched Battery Bus 6 at Bus 6 to -1.50 MW (DISCHARGING (inject power)). 100% clean energy preserved.,"[{'element_type': 'trafo', 'element_id': 0, 'element_name': 'Trafo 0-1', 'hv_bus': 0, 'lv_bus': 1, 'violation_type': 'TRAFO_OVERLOAD', 'actual_value': 105.22, 'limit_value': 100.0, 'unit': '%', 'margin': 5.22, 'severity': 5.22, 'description': 'Trafo 0-1 overload: 105.2% exceeds limit 100.0% (+5.2%)'}]"
4,reconfig_switch_4,FEEDER_RECONFIGURATION,Feeder Reconfiguration (S1),True,False,2,0,0,0.95,1.03,53.61,100.0,1.0,54.16,Closed tie-switch S1 at Bus 8 (Line 14) to redistribute power flow across feeders.,"[{'element_type': 'trafo', 'element_id': 0, 'element_name': 'Trafo 0-1', 'hv_bus': 0, 'lv_bus': 1, 'violation_type': 'TRAFO_OVERLOAD', 'actual_value': 103.94, 'limit_value': 100.0, 'unit': '%', 'margin': 3.94, 'severity': 3.94, 'description': 'Trafo 0-1 overload: 103.9% exceeds limit 100.0% (+3.9%)'}, {'element_type': 'trafo', 'element_id': 1, 'element_name': 'Trafo 0-12', 'hv_bus': 0, 'lv_bus': 12, 'violation_type': 'TRAFO_OVERLOAD', 'actual_value': 105.42, 'limit_value': 100.0, 'unit': '%', 'margin': 5.42, 'severity': 5.42, 'description': 'Trafo 0-12 overload: 105.4% exceeds limit 100.0% (+5.4%)'}]"
5,hybrid_reconfig_s1_battery,HYBRID,Hybrid: Reconfiguration (S1) + Battery (0.5 MW),True,False,2,0,0,0.9594,1.03,37.65,100.0,2.0,43.54,Closed tie-switch S1 and dispatched Battery 1 to absorb/support 0.5 MW. 100% clean energy preserved.,"[{'element_type': 'trafo', 'element_id': 0, 'element_name': 'Trafo 0-1', 'hv_bus': 0, 'lv_bus': 1, 'violation_type': 'TRAFO_OVERLOAD', 'actual_value': 101.42, 'limit_value': 100.0, 'unit': '%', 'margin': 1.42, 'severity': 1.42, 'description': 'Trafo 0-1 overload: 101.4% exceeds limit 100.0% (+1.4%)'}, {'element_type': 'trafo', 'element_id': 1, 'element_name': 'Trafo 0-12', 'hv_bus': 0, 'lv_bus': 12, 'violation_type': 'TRAFO_OVERLOAD', 'actual_value': 103.23, 'limit_value': 100.0, 'unit': '%', 'margin': 3.23, 'severity': 3.23, 'description': 'Trafo 0-12 overload: 103.2% exceeds limit 100.0% (+3.2%)'}]"
6,battery_-1.00mw_bus6,BATTERY_DISPATCH,Battery Dispatch (-1.00 MW),True,False,8,7,0,0.935,1.03,65.5,100.0,2.0,-325.76,Dispatched Battery Bus 6 at Bus 6 to -1.00 MW (DISCHARGING (inject power)). 100% clean energy preserved.,"[{'element_type': 'bus', 'element_id': 4, 'element_name': 'Bus 4', 'vn_kv': 20.0, 'violation_type': 'UNDERVOLTAGE', 'actual_value': 0.9392, 'limit_value': 0.94, 'unit': 'p.u.', 'margin': 0.0008, 'severity': 0.08, 'description': 'Bus 4 undervoltage: 0.9392 p.u. falls below lower limit 0.94 p.u. (-0.0008 p.u.)'}, {'element_type': 'bus', 'element_id': 5, 'element_name': 'Bus 5', 'vn_kv': 20.0, 'violation_type': 'UNDERVOLTAGE', 'actual_value': 0.9381, 'limit_value': 0.94, 'unit': 'p.u.', 'margin': 0.0019, 'severity': 0.19, 'description': 'Bus 5 undervoltage: 0.9381 p.u. falls below lower limit 0.94 p.u. (-0.0019 p.u.)'}, {'element_type': 'bus', 'element_id': 6, 'element_name': 'Bus 6', 'vn_kv': 20.0, 'violation_type': 'UNDERVOLTAGE', 'actual_value': 0.9384, 'limit_value': 0.94, 'unit': 'p.u.', 'margin': 0.0016, 'severity': 0.16, 'description': 'Bus 6 undervoltage: 0.9384 p.u. falls below lower limit 0.94 p.u. (-0.0016 p.u.)'}, {'element_type': 'bus', 'element_id': 8, 'element_name': 'Bus 8', 'vn_kv': 20.0, 'violation_type': 'UNDERVOLTAGE', 'actual_value': 0.9378, 'limit_value': 0.94, 'unit': 'p.u.', 'margin': 0.0022, 'severity': 0.22, 'description': 'Bus 8 undervoltage: 0.9378 p.u. falls below lower limit 0.94 p.u. (-0.0022 p.u.)'}, {'element_type': 'bus', 'element_id': 9, 'element_name': 'Bus 9', 'vn_kv': 20.0, 'violation_type': 'UNDERVOLTAGE', 'actual_value': 0.9369, 'limit_value': 0.94, 'unit': 'p.u.', 'margin': 0.0031, 'severity': 0.31, 'description': 'Bus 9 undervoltage: 0.9369 p.u. falls below lower limit 0.94 p.u. (-0.0031 p.u.)'}, {'element_type': 'bus', 'element_id': 10, 'element_name': 'Bus 10', 'vn_kv': 20.0, 'violation_type': 'UNDERVOLTAGE', 'actual_value': 0.9353, 'limit_value': 0.94, 'unit': 'p.u.', 'margin': 0.0047, 'severity': 0.47, 'description': 'Bus 10 undervoltage: 0.9353 p.u. falls below lower limit 0.94 p.u. (-0.0047 p.u.)'}, {'element_type': 'bus', 'element_id': 11, 'element_name': 'Bus 11', 'vn_kv': 20.0, 'violation_type': 'UNDERVOLTAGE', 'actual_value': 0.935, 'limit_value': 0.94, 'unit': 'p.u.', 'margin': 0.005, 'severity': 0.5, 'description': 'Bus 11 undervoltage: 0.9350 p.u. falls below lower limit 0.94 p.u. (-0.0050 p.u.)'}, {'element_type': 'trafo', 'element_id': 0, 'element_name': 'Trafo 0-1', 'hv_bus': 0, 'lv_bus': 1, 'violation_type': 'TRAFO_OVERLOAD', 'actual_value': 107.38, 'limit_value': 100.0, 'unit': '%', 'margin': 7.38, 'severity': 7.38, 'description': 'Trafo 0-1 overload: 107.4% exceeds limit 100.0% (+7.4%)'}]"
7,reconfig_switch_1,FEEDER_RECONFIGURATION,Feeder Reconfiguration (S2),True,False,10,9,0,0.9215,1.03,85.68,100.0,1.0,-442.36,Closed tie-switch S2 at Bus 7 (Line 12) to redistribute power flow across feeders.,"[{'element_type': 'bus', 'element_id': 3, 'element_name': 'Bus 3', 'vn_kv': 20.0, 'violation_type': 'UNDERVOLTAGE', 'actual_value': 0.9288, 'limit_value': 0.94, 'unit': 'p.u.', 'margin': 0.0112, 'severity': 1.12, 'description': 'Bus 3 undervoltage: 0.9288 p.u. falls below lower limit 0.94 p.u. (-0.0112 p.u.)'}, {'element_type': 'bus', 'element_id': 4, 'element_name': 'Bus 4', 'vn_kv': 20.0, 'violation_type': 'UNDERVOLTAGE', 'actual_value': 0.9268, 'limit_value': 0.94, 'unit': 'p.u.', 'margin': 0.0132, 'severity': 1.32, 'description': 'Bus 4 undervoltage: 0.9268 p.u. falls below lower limit 0.94 p.u. (-0.0132 p.u.)'}, {'element_type': 'bus', 'element_id': 5, 'element_name': 'Bus 5', 'vn_kv': 20.0, 'violation_type': 'UNDERVOLTAGE', 'actual_value': 0.9255, 'limit_value': 0.94, 'unit': 'p.u.', 'margin': 0.0145, 'severity': 1.45, 'description': 'Bus 5 undervoltage: 0.9255 p.u. falls below lower limit 0.94 p.u. (-0.0145 p.u.)'}, {'element_type': 'bus', 'element_id': 6, 'element_name': 'Bus 6', 'vn_kv': 20.0, 'violation_type': 'UNDERVOLTAGE', 'actual_value': 0.9254, 'limit_value': 0.94, 'unit': 'p.u.', 'margin': 0.0146, 'severity': 1.46, 'description': 'Bus 6 undervoltage: 0.9254 p.u. falls below lower limit 0.94 p.u. (-0.0146 p.u.)'}, {'element_type': 'bus', 'element_id': 7, 'element_name': 'Bus 7', 'vn_kv': 20.0, 'violation_type': 'UNDERVOLTAGE', 'actual_value': 0.9256, 'limit_value': 0.94, 'unit': 'p.u.', 'margin': 0.0144, 'severity': 1.44, 'description': 'Bus 7 undervoltage: 0.9256 p.u. falls below lower limit 0.94 p.u. (-0.0144 p.u.)'}, {'element_type': 'bus', 'element_id': 8, 'element_name': 'Bus 8', 'vn_kv': 20.0, 'violation_type': 'UNDERVOLTAGE', 'actual_value': 0.9243, 'limit_value': 0.94, 'unit': 'p.u.', 'margin': 0.0157, 'severity': 1.57, 'description': 'Bus 8 undervoltage: 0.9243 p.u. falls below lower limit 0.94 p.u. (-0.0157 p.u.)'}, {'element_type': 'bus', 'element_id': 9, 'element_name': 'Bus 9', 'vn_kv': 20.0, 'violation_type': 'UNDERVOLTAGE', 'actual_value': 0.9233, 'limit_value': 0.94, 'unit': 'p.u.', 'margin': 0.0167, 'severity': 1.67, 'description': 'Bus 9 undervoltage: 0.9233 p.u. falls below lower limit 0.94 p.u. (-0.0167 p.u.)'}, {'element_type': 'bus', 'element_id': 10, 'element_name': 'Bus 10', 'vn_kv': 20.0, 'violation_type': 'UNDERVOLTAGE', 'actual_value': 0.9217, 'limit_value': 0.94, 'unit': 'p.u.', 'margin': 0.0183, 'severity': 1.83, 'description': 'Bus 10 undervoltage: 0.9217 p.u. falls below lower limit 0.94 p.u. (-0.0183 p.u.)'}, {'element_type': 'bus', 'element_id': 11, 'element_name': 'Bus 11', 'vn_kv': 20.0, 'violation_type': 'UNDERVOLTAGE', 'actual_value': 0.9215, 'limit_value': 0.94, 'unit': 'p.u.', 'margin': 0.0185, 'severity': 1.85, 'description': 'Bus 11 undervoltage: 0.9215 p.u. falls below lower limit 0.94 p.u. (-0.0185 p.u.)'}, {'element_type': 'trafo', 'element_id': 0, 'element_name': 'Trafo 0-1', 'hv_bus': 0, 'lv_bus': 1, 'violation_type': 'TRAFO_OVERLOAD', 'actual_value': 111.83, 'limit_value': 100.0, 'unit': '%', 'margin': 11.83, 'severity': 11.83, 'description': 'Trafo 0-1 overload: 111.8% exceeds limit 100.0% (+11.8%)'}]"
8,reconfig_switch_2,FEEDER_RECONFIGURATION,Feeder Reconfiguration (S3),True,False,10,9,0,0.9218,1.03,85.89,100.0,1.0,-442.38,Closed tie-switch S3 at Bus 4 (Line 13) to redistribute power flow across feeders.,"[{'element_type': 'bus', 'element_id': 3, 'element_name': 'Bus 3', 'vn_kv': 20.0, 'violation_type': 'UNDERVOLTAGE', 'actual_value': 0.9286, 'limit_value': 0.94, 'unit': 'p.u.', 'margin': 0.0114, 'severity': 1.14, 'description': 'Bus 3 undervoltage: 0.9286 p.u. falls below lower limit 0.94 p.u. (-0.0114 p.u.)'}, {'element_type': 'bus', 'element_id': 4, 'element_name': 'Bus 4', 'vn_kv': 20.0, 'violation_type': 'UNDERVOLTAGE', 'actual_value': 0.9254, 'limit_value': 0.94, 'unit': 'p.u.', 'margin': 0.0146, 'severity': 1.46, 'description': 'Bus 4 undervoltage: 0.9254 p.u. falls below lower limit 0.94 p.u. (-0.0146 p.u.)'}, {'element_type': 'bus', 'element_id': 5, 'element_name': 'Bus 5', 'vn_kv': 20.0, 'violation_type': 'UNDERVOLTAGE', 'actual_value': 0.9235, 'limit_value': 0.94, 'unit': 'p.u.', 'margin': 0.0165, 'severity': 1.65, 'description': 'Bus 5 undervoltage: 0.9235 p.u. falls below lower limit 0.94 p.u. (-0.0165 p.u.)'}, {'element_type': 'bus', 'element_id': 6, 'element_name': 'Bus 6', 'vn_kv': 20.0, 'violation_type': 'UNDERVOLTAGE', 'actual_value': 0.9218, 'limit_value': 0.94, 'unit': 'p.u.', 'margin': 0.0182, 'severity': 1.82, 'description': 'Bus 6 undervoltage: 0.9218 p.u. falls below lower limit 0.94 p.u. (-0.0182 p.u.)'}, {'element_type': 'bus', 'element_id': 7, 'element_name': 'Bus 7', 'vn_kv': 20.0, 'violation_type': 'UNDERVOLTAGE', 'actual_value': 0.9296, 'limit_value': 0.94, 'unit': 'p.u.', 'margin': 0.0104, 'severity': 1.04, 'description': 'Bus 7 undervoltage: 0.9296 p.u. falls below lower limit 0.94 p.u. (-0.0104 p.u.)'}, {'element_type': 'bus', 'element_id': 8, 'element_name': 'Bus 8', 'vn_kv': 20.0, 'violation_type': 'UNDERVOLTAGE', 'actual_value': 0.9265, 'limit_value': 0.94, 'unit': 'p.u.', 'margin': 0.0135, 'severity': 1.35, 'description': 'Bus 8 undervoltage: 0.9265 p.u. falls below lower limit 0.94 p.u. (-0.0135 p.u.)'}, {'element_type': 'bus', 'element_id': 9, 'element_name': 'Bus 9', 'vn_kv': 20.0, 'violation_type': 'UNDERVOLTAGE', 'actual_value': 0.9258, 'limit_value': 0.94, 'unit': 'p.u.', 'margin': 0.0142, 'severity': 1.42, 'description': 'Bus 9 undervoltage: 0.9258 p.u. falls below lower limit 0.94 p.u. (-0.0142 p.u.)'}, {'element_type': 'bus', 'element_id': 10, 'element_name': 'Bus 10', 'vn_kv': 20.0, 'violation_type': 'UNDERVOLTAGE', 'actual_value': 0.9249, 'limit_value': 0.94, 'unit': 'p.u.', 'margin': 0.0151, 'severity': 1.51, 'description': 'Bus 10 undervoltage: 0.9249 p.u. falls below lower limit 0.94 p.u. (-0.0151 p.u.)'}, {'element_type': 'bus', 'element_id': 11, 'element_name': 'Bus 11', 'vn_kv': 20.0, 'violation_type': 'UNDERVOLTAGE', 'actual_value': 0.925, 'limit_value': 0.94, 'unit': 'p.u.', 'margin': 0.015, 'severity': 1.5, 'description': 'Bus 11 undervoltage: 0.9250 p.u. falls below lower limit 0.94 p.u. (-0.0150 p.u.)'}, {'element_type': 'trafo', 'element_id': 0, 'element_name': 'Trafo 0-1', 'hv_bus': 0, 'lv_bus': 1, 'violation_type': 'TRAFO_OVERLOAD', 'actual_value': 111.87, 'limit_value': 100.0, 'unit': '%', 'margin': 11.87, 'severity': 11.87, 'description': 'Trafo 0-1 overload: 111.9% exceeds limit 100.0% (+11.9%)'}]"
9,battery_-0.50mw_bus6,BATTERY_DISPATCH,Battery Dispatch (-0.50 MW),True,False,10,9,0,0.9289,1.03,75.46,100.0,2.0,-451.42,Dispatched Battery Bus 6 at Bus 6 to -0.50 MW (DISCHARGING (inject power)). 100% clean energy preserved.,"[{'element_type': 'bus', 'element_id': 3, 'element_name': 'Bus 3', 'vn_kv': 20.0, 'violation_type': 'UNDERVOLTAGE', 'actual_value': 0.9349, 'limit_value': 0.94, 'unit': 'p.u.', 'margin': 0.0051, 'severity': 0.51, 'description': 'Bus 3 undervoltage: 0.9349 p.u. falls below lower limit 0.94 p.u. (-0.0051 p.u.)'}, {'element_type': 'bus', 'element_id': 4, 'element_name': 'Bus 4', 'vn_kv': 20.0, 'violation_type': 'UNDERVOLTAGE', 'actual_value': 0.9327, 'limit_value': 0.94, 'unit': 'p.u.', 'margin': 0.0073, 'severity': 0.73, 'description': 'Bus 4 undervoltage: 0.9327 p.u. falls below lower limit 0.94 p.u. (-0.0073 p.u.)'}, {'element_type': 'bus', 'element_id': 5, 'element_name': 'Bus 5', 'vn_kv': 20.0, 'violation_type': 'UNDERVOLTAGE', 'actual_value': 0.9312, 'limit_value': 0.94, 'unit': 'p.u.', 'margin': 0.0088, 'severity': 0.88, 'description': 'Bus 5 undervoltage: 0.9312 p.u. falls below lower limit 0.94 p.u. (-0.0088 p.u.)'}, {'element_type': 'bus', 'element_id': 6, 'element_name': 'Bus 6', 'vn_kv': 20.0, 'violation_type': 'UNDERVOLTAGE', 'actual_value': 0.9305, 'limit_value': 0.94, 'unit': 'p.u.', 'margin': 0.0095, 'severity': 0.95, 'description': 'Bus 6 undervoltage: 0.9305 p.u. falls below lower limit 0.94 p.u. (-0.0095 p.u.)'}, {'element_type': 'bus', 'element_id': 7, 'element_name': 'Bus 7', 'vn_kv': 20.0, 'violation_type': 'UNDERVOLTAGE', 'actual_value': 0.9348, 'limit_value': 0.94, 'unit': 'p.u.', 'margin': 0.0052, 'severity': 0.52, 'description': 'Bus 7 undervoltage: 0.9348 p.u. falls below lower limit 0.94 p.u. (-0.0052 p.u.)'}, {'element_type': 'bus', 'element_id': 8, 'element_name': 'Bus 8', 'vn_kv': 20.0, 'violation_type': 'UNDERVOLTAGE', 'actual_value': 0.9317, 'limit_value': 0.94, 'unit': 'p.u.', 'margin': 0.0083, 'severity': 0.83, 'description': 'Bus 8 undervoltage: 0.9317 p.u. falls below lower limit 0.94 p.u. (-0.0083 p.u.)'}, {'element_type': 'bus', 'element_id': 9, 'element_name': 'Bus 9', 'vn_kv': 20.0, 'violation_type': 'UNDERVOLTAGE', 'actual_value': 0.9308, 'limit_value': 0.94, 'unit': 'p.u.', 'margin': 0.0092, 'severity': 0.92, 'description': 'Bus 9 undervoltage: 0.9308 p.u. falls below lower limit 0.94 p.u. (-0.0092 p.u.)'}, {'element_type': 'bus', 'element_id': 10, 'element_name': 'Bus 10', 'vn_kv': 20.0, 'violation_type': 'UNDERVOLTAGE', 'actual_value': 0.9291, 'limit_value': 0.94, 'unit': 'p.u.', 'margin': 0.0109, 'severity': 1.09, 'description': 'Bus 10 undervoltage: 0.9291 p.u. falls below lower limit 0.94 p.u. (-0.0109 p.u.)'}, {'element_type': 'bus', 'element_id': 11, 'element_name': 'Bus 11', 'vn_kv': 20.0, 'violation_type': 'UNDERVOLTAGE', 'actual_value': 0.9289, 'limit_value': 0.94, 'unit': 'p.u.', 'margin': 0.0111, 'severity': 1.11, 'description': 'Bus 11 undervoltage: 0.9289 p.u. falls below lower limit 0.94 p.u. (-0.0111 p.u.)'}, {'element_type': 'trafo', 'element_id': 0, 'element_name': 'Trafo 0-1', 'hv_bus': 0, 'lv_bus': 1, 'violation_type': 'TRAFO_OVERLOAD', 'actual_value': 109.6, 'limit_value': 100.0, 'unit': '%', 'margin': 9.6, 'severity': 9.6, 'description': 'Trafo 0-1 overload: 109.6% exceeds limit 100.0% (+9.6%)'}]"
10,curtail_15pct,CURTAILMENT,Solar Curtailment (15%),True,False,10,9,0,0.9192,1.03,90.72,85.0,3.0,-504.98,Curtailed solar generation by 15% across 9 units (-0.228 MW wasted).,"[{'element_type': 'bus', 'element_id': 3, 'element_name': 'Bus 3', 'vn_kv': 20.0, 'violation_type': 'UNDERVOLTAGE', 'actual_value': 0.9257, 'limit_value': 0.94, 'unit': 'p.u.', 'margin': 0.0143, 'severity': 1.43, 'description': 'Bus 3 undervoltage: 0.9257 p.u. falls below lower limit 0.94 p.u. (-0.0143 p.u.)'}, {'element_type': 'bus', 'element_id': 4, 'element_name': 'Bus 4', 'vn_kv': 20.0, 'violation_type': 'UNDERVOLTAGE', 'actual_value': 0.923, 'limit_value': 0.94, 'unit': 'p.u.', 'margin': 0.017, 'severity': 1.7, 'description': 'Bus 4 undervoltage: 0.9230 p.u. falls below lower limit 0.94 p.u. (-0.0170 p.u.)'}, {'element_type': 'bus', 'element_id': 5, 'element_name': 'Bus 5', 'vn_kv': 20.0, 'violation_type': 'UNDERVOLTAGE', 'actual_value': 0.9211, 'limit_value': 0.94, 'unit': 'p.u.', 'margin': 0.0189, 'severity': 1.89, 'description': 'Bus 5 undervoltage: 0.9211 p.u. falls below lower limit 0.94 p.u. (-0.0189 p.u.)'}, {'element_type': 'bus', 'element_id': 6, 'element_name': 'Bus 6', 'vn_kv': 20.0, 'violation_type': 'UNDERVOLTAGE', 'actual_value': 0.9194, 'limit_value': 0.94, 'unit': 'p.u.', 'margin': 0.0206, 'severity': 2.06, 'description': 'Bus 6 undervoltage: 0.9194 p.u. falls below lower limit 0.94 p.u. (-0.0206 p.u.)'}, {'element_type': 'bus', 'element_id': 7, 'element_name': 'Bus 7', 'vn_kv': 20.0, 'violation_type': 'UNDERVOLTAGE', 'actual_value': 0.9246, 'limit_value': 0.94, 'unit': 'p.u.', 'margin': 0.0154, 'severity': 1.54, 'description': 'Bus 7 undervoltage: 0.9246 p.u. falls below lower limit 0.94 p.u. (-0.0154 p.u.)'}, {'element_type': 'bus', 'element_id': 8, 'element_name': 'Bus 8', 'vn_kv': 20.0, 'violation_type': 'UNDERVOLTAGE', 'actual_value': 0.9221, 'limit_value': 0.94, 'unit': 'p.u.', 'margin': 0.0179, 'severity': 1.79, 'description': 'Bus 8 undervoltage: 0.9221 p.u. falls below lower limit 0.94 p.u. (-0.0179 p.u.)'}, {'element_type': 'bus', 'element_id': 9, 'element_name': 'Bus 9', 'vn_kv': 20.0, 'violation_type': 'UNDERVOLTAGE', 'actual_value': 0.9211, 'limit_value': 0.94, 'unit': 'p.u.', 'margin': 0.0189, 'severity': 1.89, 'description': 'Bus 9 undervoltage: 0.9211 p.u. falls below lower limit 0.94 p.u. (-0.0189 p.u.)'}, {'element_type': 'bus', 'element_id': 10, 'element_name': 'Bus 10', 'vn_kv': 20.0, 'violation_type': 'UNDERVOLTAGE', 'actual_value': 0.9195, 'limit_value': 0.94, 'unit': 'p.u.', 'margin': 0.0205, 'severity': 2.05, 'description': 'Bus 10 undervoltage: 0.9195 p.u. falls below lower limit 0.94 p.u. (-0.0205 p.u.)'}, {'element_type': 'bus', 'element_id': 11, 'element_name': 'Bus 11', 'vn_kv': 20.0, 'violation_type': 'UNDERVOLTAGE', 'actual_value': 0.9192, 'limit_value': 0.94, 'unit': 'p.u.', 'margin': 0.0208, 'severity': 2.08, 'description': 'Bus 11 undervoltage: 0.9192 p.u. falls below lower limit 0.94 p.u. (-0.0208 p.u.)'}, {'element_type': 'trafo', 'element_id': 0, 'element_name': 'Trafo 0-1', 'hv_bus': 0, 'lv_bus': 1, 'violation_type': 'TRAFO_OVERLOAD', 'actual_value': 112.91, 'limit_value': 100.0, 'unit': '%', 'margin': 12.91, 'severity': 12.91, 'description': 'Trafo 0-1 overload: 112.9% exceeds limit 100.0% (+12.9%)'}]"
11,curtail_30pct,CURTAILMENT,Solar Curtailment (30%),True,False,10,9,0,0.9159,1.03,95.6,70.0,3.0,-537.74,Curtailed solar generation by 30% across 9 units (-0.456 MW wasted).,"[{'element_type': 'bus', 'element_id': 3, 'element_name': 'Bus 3', 'vn_kv': 20.0, 'violation_type': 'UNDERVOLTAGE', 'actual_value': 0.9228, 'limit_value': 0.94, 'unit': 'p.u.', 'margin': 0.0172, 'severity': 1.72, 'description': 'Bus 3 undervoltage: 0.9228 p.u. falls below lower limit 0.94 p.u. (-0.0172 p.u.)'}, {'element_type': 'bus', 'element_id': 4, 'element_name': 'Bus 4', 'vn_kv': 20.0, 'violation_type': 'UNDERVOLTAGE', 'actual_value': 0.9201, 'limit_value': 0.94, 'unit': 'p.u.', 'margin': 0.0199, 'severity': 1.99, 'description': 'Bus 4 undervoltage: 0.9201 p.u. falls below lower limit 0.94 p.u. (-0.0199 p.u.)'}, {'element_type': 'bus', 'element_id': 5, 'element_name': 'Bus 5', 'vn_kv': 20.0, 'violation_type': 'UNDERVOLTAGE', 'actual_value': 0.9182, 'limit_value': 0.94, 'unit': 'p.u.', 'margin': 0.0218, 'severity': 2.18, 'description': 'Bus 5 undervoltage: 0.9182 p.u. falls below lower limit 0.94 p.u. (-0.0218 p.u.)'}, {'element_type': 'bus', 'element_id': 6, 'element_name': 'Bus 6', 'vn_kv': 20.0, 'violation_type': 'UNDERVOLTAGE', 'actual_value': 0.9164, 'limit_value': 0.94, 'unit': 'p.u.', 'margin': 0.0236, 'severity': 2.36, 'description': 'Bus 6 undervoltage: 0.9164 p.u. falls below lower limit 0.94 p.u. (-0.0236 p.u.)'}, {'element_type': 'bus', 'element_id': 7, 'element_name': 'Bus 7', 'vn_kv': 20.0, 'violation_type': 'UNDERVOLTAGE', 'actual_value': 0.9208, 'limit_value': 0.94, 'unit': 'p.u.', 'margin': 0.0192, 'severity': 1.92, 'description': 'Bus 7 undervoltage: 0.9208 p.u. falls below lower limit 0.94 p.u. (-0.0192 p.u.)'}, {'element_type': 'bus', 'element_id': 8, 'element_name': 'Bus 8', 'vn_kv': 20.0, 'violation_type': 'UNDERVOLTAGE', 'actual_value': 0.9188, 'limit_value': 0.94, 'unit': 'p.u.', 'margin': 0.0212, 'severity': 2.12, 'description': 'Bus 8 undervoltage: 0.9188 p.u. falls below lower limit 0.94 p.u. (-0.0212 p.u.)'}, {'element_type': 'bus', 'element_id': 9, 'element_name': 'Bus 9', 'vn_kv': 20.0, 'violation_type': 'UNDERVOLTAGE', 'actual_value': 0.9178, 'limit_value': 0.94, 'unit': 'p.u.', 'margin': 0.0222, 'severity': 2.22, 'description': 'Bus 9 undervoltage: 0.9178 p.u. falls below lower limit 0.94 p.u. (-0.0222 p.u.)'}, {'element_type': 'bus', 'element_id': 10, 'element_name': 'Bus 10', 'vn_kv': 20.0, 'violation_type': 'UNDERVOLTAGE', 'actual_value': 0.9161, 'limit_value': 0.94, 'unit': 'p.u.', 'margin': 0.0239, 'severity': 2.39, 'description': 'Bus 10 undervoltage: 0.9161 p.u. falls below lower limit 0.94 p.u. (-0.0239 p.u.)'}, {'element_type': 'bus', 'element_id': 11, 'element_name': 'Bus 11', 'vn_kv': 20.0, 'violation_type': 'UNDERVOLTAGE', 'actual_value': 0.9159, 'limit_value': 0.94, 'unit': 'p.u.', 'margin': 0.0241, 'severity': 2.41, 'description': 'Bus 11 undervoltage: 0.9159 p.u. falls below lower limit 0.94 p.u. (-0.0241 p.u.)'}, {'element_type': 'trafo', 'element_id': 0, 'element_name': 'Trafo 0-1', 'hv_bus': 0, 'lv_bus': 1, 'violation_type': 'TRAFO_OVERLOAD', 'actual_value': 113.96, 'limit_value': 100.0, 'unit': '%', 'margin': 13.96, 'severity': 13.96, 'description': 'Trafo 0-1 overload: 114.0% exceeds limit 100.0% (+14.0%)'}]"
12,curtail_50pct,CURTAILMENT,Solar Curtailment (50%),True,False,12,9,2,0.9113,1.03,102.24,50.0,3.0,-701.5,Curtailed solar generation by 50% across 9 units (-0.760 MW wasted).,"[{'element_type': 'bus', 'element_id': 3, 'element_name': 'Bus 3', 'vn_kv': 20.0, 'violation_type': 'UNDERVOLTAGE', 'actual_value': 0.9188, 'limit_value': 0.94, 'unit': 'p.u.', 'margin': 0.0212, 'severity': 2.12, 'description': 'Bus 3 undervoltage: 0.9188 p.u. falls below lower limit 0.94 p.u. (-0.0212 p.u.)'}, {'element_type': 'bus', 'element_id': 4, 'element_name': 'Bus 4', 'vn_kv': 20.0, 'violation_type': 'UNDERVOLTAGE', 'actual_value': 0.9161, 'limit_value': 0.94, 'unit': 'p.u.', 'margin': 0.0239, 'severity': 2.39, 'description': 'Bus 4 undervoltage: 0.9161 p.u. falls below lower limit 0.94 p.u. (-0.0239 p.u.)'}, {'element_type': 'bus', 'element_id': 5, 'element_name': 'Bus 5', 'vn_kv': 20.0, 'violation_type': 'UNDERVOLTAGE', 'actual_value': 0.9142, 'limit_value': 0.94, 'unit': 'p.u.', 'margin': 0.0258, 'severity': 2.58, 'description': 'Bus 5 undervoltage: 0.9142 p.u. falls below lower limit 0.94 p.u. (-0.0258 p.u.)'}, {'element_type': 'bus', 'element_id': 6, 'element_name': 'Bus 6', 'vn_kv': 20.0, 'violation_type': 'UNDERVOLTAGE', 'actual_value': 0.9124, 'limit_value': 0.94, 'unit': 'p.u.', 'margin': 0.0276, 'severity': 2.76, 'description': 'Bus 6 undervoltage: 0.9124 p.u. falls below lower limit 0.94 p.u. (-0.0276 p.u.)'}, {'element_type': 'bus', 'element_id': 7, 'element_name': 'Bus 7', 'vn_kv': 20.0, 'violation_type': 'UNDERVOLTAGE', 'actual_value': 0.9156, 'limit_value': 0.94, 'unit': 'p.u.', 'margin': 0.0244, 'severity': 2.44, 'description': 'Bus 7 undervoltage: 0.9156 p.u. falls below lower limit 0.94 p.u. (-0.0244 p.u.)'}, {'element_type': 'bus', 'element_id': 8, 'element_name': 'Bus 8', 'vn_kv': 20.0, 'violation_type': 'UNDERVOLTAGE', 'actual_value': 0.9142, 'limit_value': 0.94, 'unit': 'p.u.', 'margin': 0.0258, 'severity': 2.58, 'description': 'Bus 8 undervoltage: 0.9142 p.u. falls below lower limit 0.94 p.u. (-0.0258 p.u.)'}, {'element_type': 'bus', 'element_id': 9, 'element_name': 'Bus 9', 'vn_kv': 20.0, 'violation_type': 'UNDERVOLTAGE', 'actual_value': 0.9132, 'limit_value': 0.94, 'unit': 'p.u.', 'margin': 0.0268, 'severity': 2.68, 'description': 'Bus 9 undervoltage: 0.9132 p.u. falls below lower limit 0.94 p.u. (-0.0268 p.u.)'}, {'element_type': 'bus', 'element_id': 10, 'element_name': 'Bus 10', 'vn_kv': 20.0, 'violation_type': 'UNDERVOLTAGE', 'actual_value': 0.9116, 'limit_value': 0.94, 'unit': 'p.u.', 'margin': 0.0284, 'severity': 2.84, 'description': 'Bus 10 undervoltage: 0.9116 p.u. falls below lower limit 0.94 p.u. (-0.0284 p.u.)'}, {'element_type': 'bus', 'element_id': 11, 'element_name': 'Bus 11', 'vn_kv': 20.0, 'violation_type': 'UNDERVOLTAGE', 'actual_value': 0.9113, 'limit_value': 0.94, 'unit': 'p.u.', 'margin': 0.0287, 'severity': 2.87, 'description': 'Bus 11 undervoltage: 0.9113 p.u. falls below lower limit 0.94 p.u. (-0.0287 p.u.)'}, {'element_type': 'line', 'element_id': 0, 'element_name': 'Line 1-2', 'from_bus': 1, 'to_bus': 2, 'violation_type': 'LINE_OVERLOAD', 'actual_value': 101.71, 'limit_value': 100.0, 'unit': '%', 'margin': 1.71, 'severity': 1.71, 'description': 'Line 1-2 (Bus 1 -> Bus 2) thermal overload: 101.7% exceeds limit 100.0% (+1.7%)'}, {'element_type': 'line', 'element_id': 1, 'element_name': 'Line 2-3', 'from_bus': 2, 'to_bus': 3, 'violation_type': 'LINE_OVERLOAD', 'actual_value': 102.24, 'limit_value': 100.0, 'unit': '%', 'margin': 2.24, 'severity': 2.24, 'description': 'Line 2-3 (Bus 2 -> Bus 3) thermal overload: 102.2% exceeds limit 100.0% (+2.2%)'}, {'element_type': 'trafo', 'element_id': 0, 'element_name': 'Trafo 0-1', 'hv_bus': 0, 'lv_bus': 1, 'violation_type': 'TRAFO_OVERLOAD', 'actual_value': 115.38, 'limit_value': 100.0, 'unit': '%', 'margin': 15.38, 'severity': 15.38, 'description': 'Trafo 0-1 overload: 115.4% exceeds limit 100.0% (+15.4%)'}]"
13,curtail_75pct,CURTAILMENT,Solar Curtailment (75%),True,False,12,9,2,0.9054,1.03,110.74,25.0,3.0,-756.28,Curtailed solar generation by 75% across 9 units (-1.141 MW wasted).,"[{'element_type': 'bus', 'element_id': 3, 'element_name': 'Bus 3', 'vn_kv': 20.0, 'violation_type': 'UNDERVOLTAGE', 'actual_value': 0.9136, 'limit_value': 0.94, 'unit': 'p.u.', 'margin': 0.0264, 'severity': 2.64, 'description': 'Bus 3 undervoltage: 0.9136 p.u. falls below lower limit 0.94 p.u. (-0.0264 p.u.)'}, {'element_type': 'bus', 'element_id': 4, 'element_name': 'Bus 4', 'vn_kv': 20.0, 'violation_type': 'UNDERVOLTAGE', 'actual_value': 0.9109, 'limit_value': 0.94, 'unit': 'p.u.', 'margin': 0.0291, 'severity': 2.91, 'description': 'Bus 4 undervoltage: 0.9109 p.u. falls below lower limit 0.94 p.u. (-0.0291 p.u.)'}, {'element_type': 'bus', 'element_id': 5, 'element_name': 'Bus 5', 'vn_kv': 20.0, 'violation_type': 'UNDERVOLTAGE', 'actual_value': 0.909, 'limit_value': 0.94, 'unit': 'p.u.', 'margin': 0.031, 'severity': 3.1, 'description': 'Bus 5 undervoltage: 0.9090 p.u. falls below lower limit 0.94 p.u. (-0.0310 p.u.)'}, {'element_type': 'bus', 'element_id': 6, 'element_name': 'Bus 6', 'vn_kv': 20.0, 'violation_type': 'UNDERVOLTAGE', 'actual_value': 0.9072, 'limit_value': 0.94, 'unit': 'p.u.', 'margin': 0.0328, 'severity': 3.28, 'description': 'Bus 6 undervoltage: 0.9072 p.u. falls below lower limit 0.94 p.u. (-0.0328 p.u.)'}, {'element_type': 'bus', 'element_id': 7, 'element_name': 'Bus 7', 'vn_kv': 20.0, 'violation_type': 'UNDERVOLTAGE', 'actual_value': 0.9089, 'limit_value': 0.94, 'unit': 'p.u.', 'margin': 0.0311, 'severity': 3.11, 'description': 'Bus 7 undervoltage: 0.9089 p.u. falls below lower limit 0.94 p.u. (-0.0311 p.u.)'}, {'element_type': 'bus', 'element_id': 8, 'element_name': 'Bus 8', 'vn_kv': 20.0, 'violation_type': 'UNDERVOLTAGE', 'actual_value': 0.9083, 'limit_value': 0.94, 'unit': 'p.u.', 'margin': 0.0317, 'severity': 3.17, 'description': 'Bus 8 undervoltage: 0.9083 p.u. falls below lower limit 0.94 p.u. (-0.0317 p.u.)'}, {'element_type': 'bus', 'element_id': 9, 'element_name': 'Bus 9', 'vn_kv': 20.0, 'violation_type': 'UNDERVOLTAGE', 'actual_value': 0.9073, 'limit_value': 0.94, 'unit': 'p.u.', 'margin': 0.0327, 'severity': 3.27, 'description': 'Bus 9 undervoltage: 0.9073 p.u. falls below lower limit 0.94 p.u. (-0.0327 p.u.)'}, {'element_type': 'bus', 'element_id': 10, 'element_name': 'Bus 10', 'vn_kv': 20.0, 'violation_type': 'UNDERVOLTAGE', 'actual_value': 0.9057, 'limit_value': 0.94, 'unit': 'p.u.', 'margin': 0.0343, 'severity': 3.43, 'description': 'Bus 10 undervoltage: 0.9057 p.u. falls below lower limit 0.94 p.u. (-0.0343 p.u.)'}, {'element_type': 'bus', 'element_id': 11, 'element_name': 'Bus 11', 'vn_kv': 20.0, 'violation_type': 'UNDERVOLTAGE', 'actual_value': 0.9054, 'limit_value': 0.94, 'unit': 'p.u.', 'margin': 0.0346, 'severity': 3.46, 'description': 'Bus 11 undervoltage: 0.9054 p.u. falls below lower limit 0.94 p.u. (-0.0346 p.u.)'}, {'element_type': 'line', 'element_id': 0, 'element_name': 'Line 1-2', 'from_bus': 1, 'to_bus': 2, 'violation_type': 'LINE_OVERLOAD', 'actual_value': 110.24, 'limit_value': 100.0, 'unit': '%', 'margin': 10.24, 'severity': 10.24, 'description': 'Line 1-2 (Bus 1 -> Bus 2) thermal overload: 110.2% exceeds limit 100.0% (+10.2%)'}, {'element_type': 'line', 'element_id': 1, 'element_name': 'Line 2-3', 'from_bus': 2, 'to_bus': 3, 'violation_type': 'LINE_OVERLOAD', 'actual_value': 110.74, 'limit_value': 100.0, 'unit': '%', 'margin': 10.74, 'severity': 10.74, 'description': 'Line 2-3 (Bus 2 -> Bus 3) thermal overload: 110.7% exceeds limit 100.0% (+10.7%)'}, {'element_type': 'trafo', 'element_id': 0, 'element_name': 'Trafo 0-1', 'hv_bus': 0, 'lv_bus': 1, 'violation_type': 'TRAFO_OVERLOAD', 'actual_value': 117.18, 'limit_value': 100.0, 'unit': '%', 'margin': 17.18, 'severity': 17.18, 'description': 'Trafo 0-1 overload: 117.2% exceeds limit 100.0% (+17.2%)'}]"
14,curtail_100pct,CURTAILMENT,Solar Curtailment (100%),True,False,12,9,2,0.8993,1.03,119.45,0.0,3.0,-812.04,Curtailed solar generation by 100% across 9 units (-1.521 MW wasted).,"[{'element_type': 'bus', 'element_id': 3, 'element_name': 'Bus 3', 'vn_kv': 20.0, 'violation_type': 'UNDERVOLTAGE', 'actual_value': 0.9082, 'limit_value': 0.94, 'unit': 'p.u.', 'margin': 0.0318, 'severity': 3.18, 'description': 'Bus 3 undervoltage: 0.9082 p.u. falls below lower limit 0.94 p.u. (-0.0318 p.u.)'}, {'element_type': 'bus', 'element_id': 4, 'element_name': 'Bus 4', 'vn_kv': 20.0, 'violation_type': 'UNDERVOLTAGE', 'actual_value': 0.9055, 'limit_value': 0.94, 'unit': 'p.u.', 'margin': 0.0345, 'severity': 3.45, 'description': 'Bus 4 undervoltage: 0.9055 p.u. falls below lower limit 0.94 p.u. (-0.0345 p.u.)'}, {'element_type': 'bus', 'element_id': 5, 'element_name': 'Bus 5', 'vn_kv': 20.0, 'violation_type': 'UNDERVOLTAGE', 'actual_value': 0.9036, 'limit_value': 0.94, 'unit': 'p.u.', 'margin': 0.0364, 'severity': 3.64, 'description': 'Bus 5 undervoltage: 0.9036 p.u. falls below lower limit 0.94 p.u. (-0.0364 p.u.)'}, {'element_type': 'bus', 'element_id': 6, 'element_name': 'Bus 6', 'vn_kv': 20.0, 'violation_type': 'UNDERVOLTAGE', 'actual_value': 0.9018, 'limit_value': 0.94, 'unit': 'p.u.', 'margin': 0.0382, 'severity': 3.82, 'description': 'Bus 6 undervoltage: 0.9018 p.u. falls below lower limit 0.94 p.u. (-0.0382 p.u.)'}, {'element_type': 'bus', 'element_id': 7, 'element_name': 'Bus 7', 'vn_kv': 20.0, 'violation_type': 'UNDERVOLTAGE', 'actual_value': 0.9019, 'limit_value': 0.94, 'unit': 'p.u.', 'margin': 0.0381, 'severity': 3.81, 'description': 'Bus 7 undervoltage: 0.9019 p.u. falls below lower limit 0.94 p.u. (-0.0381 p.u.)'}, {'element_type': 'bus', 'element_id': 8, 'element_name': 'Bus 8', 'vn_kv': 20.0, 'violation_type': 'UNDERVOLTAGE', 'actual_value': 0.9023, 'limit_value': 0.94, 'unit': 'p.u.', 'margin': 0.0377, 'severity': 3.77, 'description': 'Bus 8 undervoltage: 0.9023 p.u. falls below lower limit 0.94 p.u. (-0.0377 p.u.)'}, {'element_type': 'bus', 'element_id': 9, 'element_name': 'Bus 9', 'vn_kv': 20.0, 'violation_type': 'UNDERVOLTAGE', 'actual_value': 0.9012, 'limit_value': 0.94, 'unit': 'p.u.', 'margin': 0.0388, 'severity': 3.88, 'description': 'Bus 9 undervoltage: 0.9012 p.u. falls below lower limit 0.94 p.u. (-0.0388 p.u.)'}, {'element_type': 'bus', 'element_id': 10, 'element_name': 'Bus 10', 'vn_kv': 20.0, 'violation_type': 'UNDERVOLTAGE', 'actual_value': 0.8996, 'limit_value': 0.94, 'unit': 'p.u.', 'margin': 0.0404, 'severity': 4.04, 'description': 'Bus 10 undervoltage: 0.8996 p.u. falls below lower limit 0.94 p.u. (-0.0404 p.u.)'}, {'element_type': 'bus', 'element_id': 11, 'element_name': 'Bus 11', 'vn_kv': 20.0, 'violation_type': 'UNDERVOLTAGE', 'actual_value': 0.8993, 'limit_value': 0.94, 'unit': 'p.u.', 'margin': 0.0407, 'severity': 4.07, 'description': 'Bus 11 undervoltage: 0.8993 p.u. falls below lower limit 0.94 p.u. (-0.0407 p.u.)'}, {'element_type': 'line', 'element_id': 0, 'element_name': 'Line 1-2', 'from_bus': 1, 'to_bus': 2, 'violation_type': 'LINE_OVERLOAD', 'actual_value': 118.99, 'limit_value': 100.0, 'unit': '%', 'margin': 18.99, 'severity': 18.99, 'description': 'Line 1-2 (Bus 1 -> Bus 2) thermal overload: 119.0% exceeds limit 100.0% (+19.0%)'}, {'element_type': 'line', 'element_id': 1, 'element_name': 'Line 2-3', 'from_bus': 2, 'to_bus': 3, 'violation_type': 'LINE_OVERLOAD', 'actual_value': 119.45, 'limit_value': 100.0, 'unit': '%', 'margin': 19.45, 'severity': 19.45, 'description': 'Line 2-3 (Bus 2 -> Bus 3) thermal overload: 119.5% exceeds limit 100.0% (+19.4%)'}, {'element_type': 'trafo', 'element_id': 0, 'element_name': 'Trafo 0-1', 'hv_bus': 0, 'lv_bus': 1, 'violation_type': 'TRAFO_OVERLOAD', 'actual_value': 119.03, 'limit_value': 100.0, 'unit': '%', 'margin': 19.03, 'severity': 19.03, 'description': 'Trafo 0-1 overload: 119.0% exceeds limit 100.0% (+19.0%)'}]"
